<?xml version="1.0" encoding="UTF-8"?>
<spirit:component xmlns:xilinx="http://www.xilinx.com" xmlns:spirit="http://www.spiritconsortium.org/XMLSchema/SPIRIT/1685-2009" xmlns:xsi="http://www.w3.org/2001/XMLSchema-instance">
  <spirit:vendor>xilinx.com</spirit:vendor>
  <spirit:library>user</spirit:library>
  <spirit:name>sph_ip</spirit:name>
  <spirit:version>1.0</spirit:version>
  <spirit:busInterfaces>
    <spirit:busInterface>
      <spirit:name>S00_AXI</spirit:name>
      <spirit:busType spirit:vendor="xilinx.com" spirit:library="interface" spirit:name="aximm" spirit:version="1.0"/>
      <spirit:abstractionType spirit:vendor="xilinx.com" spirit:library="interface" spirit:name="aximm_rtl" spirit:version="1.0"/>
      <spirit:slave>
        <spirit:memoryMapRef spirit:memoryMapRef="S00_AXI"/>
      </spirit:slave>
      <spirit:portMaps>
        <spirit:portMap>
          <spirit:logicalPort>
            <spirit:name>AWADDR</spirit:name>
          </spirit:logicalPort>
          <spirit:physicalPort>
            <spirit:name>s00_axi_awaddr</spirit:name>
          </spirit:physicalPort>
        </spirit:portMap>
        <spirit:portMap>
          <spirit:logicalPort>
            <spirit:name>AWPROT</spirit:name>
          </spirit:logicalPort>
          <spirit:physicalPort>
            <spirit:name>s00_axi_awprot</spirit:name>
          </spirit:physicalPort>
        </spirit:portMap>
        <spirit:portMap>
          <spirit:logicalPort>
            <spirit:name>AWVALID</spirit:name>
          </spirit:logicalPort>
          <spirit:physicalPort>
            <spirit:name>s00_axi_awvalid</spirit:name>
          </spirit:physicalPort>
        </spirit:portMap>
        <spirit:portMap>
          <spirit:logicalPort>
            <spirit:name>AWREADY</spirit:name>
          </spirit:logicalPort>
          <spirit:physicalPort>
            <spirit:name>s00_axi_awready</spirit:name>
          </spirit:physicalPort>
        </spirit:portMap>
        <spirit:portMap>
          <spirit:logicalPort>
            <spirit:name>WDATA</spirit:name>
          </spirit:logicalPort>
          <spirit:physicalPort>
            <spirit:name>s00_axi_wdata</spirit:name>
          </spirit:physicalPort>
        </spirit:portMap>
        <spirit:portMap>
          <spirit:logicalPort>
            <spirit:name>WSTRB</spirit:name>
          </spirit:logicalPort>
          <spirit:physicalPort>
            <spirit:name>s00_axi_wstrb</spirit:name>
          </spirit:physicalPort>
        </spirit:portMap>
        <spirit:portMap>
          <spirit:logicalPort>
            <spirit:name>WVALID</spirit:name>
          </spirit:logicalPort>
          <spirit:physicalPort>
            <spirit:name>s00_axi_wvalid</spirit:name>
          </spirit:physicalPort>
        </spirit:portMap>
        <spirit:portMap>
          <spirit:logicalPort>
            <spirit:name>WREADY</spirit:name>
          </spirit:logicalPort>
          <spirit:physicalPort>
            <spirit:name>s00_axi_wready</spirit:name>
          </spirit:physicalPort>
        </spirit:portMap>
        <spirit:portMap>
          <spirit:logicalPort>
            <spirit:name>BRESP</spirit:name>
          </spirit:logicalPort>
          <spirit:physicalPort>
            <spirit:name>s00_axi_bresp</spirit:name>
          </spirit:physicalPort>
        </spirit:portMap>
        <spirit:portMap>
          <spirit:logicalPort>
            <spirit:name>BVALID</spirit:name>
          </spirit:logicalPort>
          <spirit:physicalPort>
            <spirit:name>s00_axi_bvalid</spirit:name>
          </spirit:physicalPort>
        </spirit:portMap>
        <spirit:portMap>
          <spirit:logicalPort>
            <spirit:name>BREADY</spirit:name>
          </spirit:logicalPort>
          <spirit:physicalPort>
            <spirit:name>s00_axi_bready</spirit:name>
          </spirit:physicalPort>
        </spirit:portMap>
        <spirit:portMap>
          <spirit:logicalPort>
            <spirit:name>ARADDR</spirit:name>
          </spirit:logicalPort>
          <spirit:physicalPort>
            <spirit:name>s00_axi_araddr</spirit:name>
          </spirit:physicalPort>
        </spirit:portMap>
        <spirit:portMap>
          <spirit:logicalPort>
            <spirit:name>ARPROT</spirit:name>
          </spirit:logicalPort>
          <spirit:physicalPort>
            <spirit:name>s00_axi_arprot</spirit:name>
          </spirit:physicalPort>
        </spirit:portMap>
        <spirit:portMap>
          <spirit:logicalPort>
            <spirit:name>ARVALID</spirit:name>
          </spirit:logicalPort>
          <spirit:physicalPort>
            <spirit:name>s00_axi_arvalid</spirit:name>
          </spirit:physicalPort>
        </spirit:portMap>
        <spirit:portMap>
          <spirit:logicalPort>
            <spirit:name>ARREADY</spirit:name>
          </spirit:logicalPort>
          <spirit:physicalPort>
            <spirit:name>s00_axi_arready</spirit:name>
          </spirit:physicalPort>
        </spirit:portMap>
        <spirit:portMap>
          <spirit:logicalPort>
            <spirit:name>RDATA</spirit:name>
          </spirit:logicalPort>
          <spirit:physicalPort>
            <spirit:name>s00_axi_rdata</spirit:name>
          </spirit:physicalPort>
        </spirit:portMap>
        <spirit:portMap>
          <spirit:logicalPort>
            <spirit:name>RRESP</spirit:name>
          </spirit:logicalPort>
          <spirit:physicalPort>
            <spirit:name>s00_axi_rresp</spirit:name>
          </spirit:physicalPort>
        </spirit:portMap>
        <spirit:portMap>
          <spirit:logicalPort>
            <spirit:name>RVALID</spirit:name>
          </spirit:logicalPort>
          <spirit:physicalPort>
            <spirit:name>s00_axi_rvalid</spirit:name>
          </spirit:physicalPort>
        </spirit:portMap>
        <spirit:portMap>
          <spirit:logicalPort>
            <spirit:name>RREADY</spirit:name>
          </spirit:logicalPort>
          <spirit:physicalPort>
            <spirit:name>s00_axi_rready</spirit:name>
          </spirit:physicalPort>
        </spirit:portMap>
      </spirit:portMaps>
      <spirit:parameters>
        <spirit:parameter>
          <spirit:name>WIZ_DATA_WIDTH</spirit:name>
          <spirit:value spirit:format="long" spirit:id="BUSIFPARAM_VALUE.S00_AXI.WIZ_DATA_WIDTH" spirit:choiceRef="choice_list_6fc15197">32</spirit:value>
        </spirit:parameter>
        <spirit:parameter>
          <spirit:name>WIZ_NUM_REG</spirit:name>
          <spirit:value spirit:format="long" spirit:id="BUSIFPARAM_VALUE.S00_AXI.WIZ_NUM_REG" spirit:minimum="4" spirit:maximum="512" spirit:rangeType="long">4</spirit:value>
        </spirit:parameter>
        <spirit:parameter>
          <spirit:name>SUPPORTS_NARROW_BURST</spirit:name>
          <spirit:value spirit:format="long" spirit:id="BUSIFPARAM_VALUE.S00_AXI.SUPPORTS_NARROW_BURST" spirit:choiceRef="choice_pairs_ce1226b1">0</spirit:value>
        </spirit:parameter>
      </spirit:parameters>
    </spirit:busInterface>
    <spirit:busInterface>
      <spirit:name>S00_AXI_RST</spirit:name>
      <spirit:busType spirit:vendor="xilinx.com" spirit:library="signal" spirit:name="reset" spirit:version="1.0"/>
      <spirit:abstractionType spirit:vendor="xilinx.com" spirit:library="signal" spirit:name="reset_rtl" spirit:version="1.0"/>
      <spirit:slave/>
      <spirit:portMaps>
        <spirit:portMap>
          <spirit:logicalPort>
            <spirit:name>RST</spirit:name>
          </spirit:logicalPort>
          <spirit:physicalPort>
            <spirit:name>s00_axi_aresetn</spirit:name>
          </spirit:physicalPort>
        </spirit:portMap>
      </spirit:portMaps>
      <spirit:parameters>
        <spirit:parameter>
          <spirit:name>POLARITY</spirit:name>
          <spirit:value spirit:id="BUSIFPARAM_VALUE.S00_AXI_RST.POLARITY" spirit:choiceRef="choice_list_9d8b0d81">ACTIVE_LOW</spirit:value>
        </spirit:parameter>
      </spirit:parameters>
    </spirit:busInterface>
    <spirit:busInterface>
      <spirit:name>S00_AXI_CLK</spirit:name>
      <spirit:busType spirit:vendor="xilinx.com" spirit:library="signal" spirit:name="clock" spirit:version="1.0"/>
      <spirit:abstractionType spirit:vendor="xilinx.com" spirit:library="signal" spirit:name="clock_rtl" spirit:version="1.0"/>
      <spirit:slave/>
      <spirit:portMaps>
        <spirit:portMap>
          <spirit:logicalPort>
            <spirit:name>CLK</spirit:name>
          </spirit:logicalPort>
          <spirit:physicalPort>
            <spirit:name>s00_axi_aclk</spirit:name>
          </spirit:physicalPort>
        </spirit:portMap>
      </spirit:portMaps>
      <spirit:parameters>
        <spirit:parameter>
          <spirit:name>ASSOCIATED_BUSIF</spirit:name>
          <spirit:value spirit:id="BUSIFPARAM_VALUE.S00_AXI_CLK.ASSOCIATED_BUSIF">S00_AXI</spirit:value>
        </spirit:parameter>
        <spirit:parameter>
          <spirit:name>ASSOCIATED_RESET</spirit:name>
          <spirit:value spirit:id="BUSIFPARAM_VALUE.S00_AXI_CLK.ASSOCIATED_RESET">s00_axi_aresetn</spirit:value>
        </spirit:parameter>
      </spirit:parameters>
    </spirit:busInterface>
    <spirit:busInterface>
      <spirit:name>clk</spirit:name>
      <spirit:busType spirit:vendor="xilinx.com" spirit:library="signal" spirit:name="clock" spirit:version="1.0"/>
      <spirit:abstractionType spirit:vendor="xilinx.com" spirit:library="signal" spirit:name="clock_rtl" spirit:version="1.0"/>
      <spirit:slave/>
      <spirit:portMaps>
        <spirit:portMap>
          <spirit:logicalPort>
            <spirit:name>CLK</spirit:name>
          </spirit:logicalPort>
          <spirit:physicalPort>
            <spirit:name>ToF_clk</spirit:name>
          </spirit:physicalPort>
        </spirit:portMap>
      </spirit:portMaps>
    </spirit:busInterface>
  </spirit:busInterfaces>
  <spirit:memoryMaps>
    <spirit:memoryMap>
      <spirit:name>S00_AXI</spirit:name>
      <spirit:addressBlock>
        <spirit:name>S00_AXI_reg</spirit:name>
        <spirit:baseAddress spirit:format="long" spirit:resolve="user">0</spirit:baseAddress>
        <spirit:range spirit:format="long">4096</spirit:range>
        <spirit:width spirit:format="long">32</spirit:width>
        <spirit:usage>register</spirit:usage>
        <spirit:parameters>
          <spirit:parameter>
            <spirit:name>OFFSET_BASE_PARAM</spirit:name>
            <spirit:value spirit:id="ADDRBLOCKPARAM_VALUE.S00_AXI.S00_AXI_REG.OFFSET_BASE_PARAM">C_S00_AXI_BASEADDR</spirit:value>
          </spirit:parameter>
          <spirit:parameter>
            <spirit:name>OFFSET_HIGH_PARAM</spirit:name>
            <spirit:value spirit:id="ADDRBLOCKPARAM_VALUE.S00_AXI.S00_AXI_REG.OFFSET_HIGH_PARAM">C_S00_AXI_HIGHADDR</spirit:value>
          </spirit:parameter>
        </spirit:parameters>
      </spirit:addressBlock>
    </spirit:memoryMap>
  </spirit:memoryMaps>
  <spirit:model>
    <spirit:views>
      <spirit:view>
        <spirit:name>xilinx_verilogsynthesis</spirit:name>
        <spirit:displayName>Verilog Synthesis</spirit:displayName>
        <spirit:envIdentifier>verilogSource:vivado.xilinx.com:synthesis</spirit:envIdentifier>
        <spirit:language>verilog</spirit:language>
        <spirit:modelName>sph_ip_v1_0</spirit:modelName>
        <spirit:fileSetRef>
          <spirit:localName>xilinx_verilogsynthesis_view_fileset</spirit:localName>
        </spirit:fileSetRef>
        <spirit:parameters>
          <spirit:parameter>
            <spirit:name>viewChecksum</spirit:name>
            <spirit:value>d7b6dfcd</spirit:value>
          </spirit:parameter>
        </spirit:parameters>
      </spirit:view>
      <spirit:view>
        <spirit:name>xilinx_verilogbehavioralsimulation</spirit:name>
        <spirit:displayName>Verilog Simulation</spirit:displayName>
        <spirit:envIdentifier>verilogSource:vivado.xilinx.com:simulation</spirit:envIdentifier>
        <spirit:language>verilog</spirit:language>
        <spirit:modelName>sph_ip_v1_0</spirit:modelName>
        <spirit:fileSetRef>
          <spirit:localName>xilinx_verilogbehavioralsimulation_view_fileset</spirit:localName>
        </spirit:fileSetRef>
        <spirit:parameters>
          <spirit:parameter>
            <spirit:name>viewChecksum</spirit:name>
            <spirit:value>d7b6dfcd</spirit:value>
          </spirit:parameter>
        </spirit:parameters>
      </spirit:view>
      <spirit:view>
        <spirit:name>xilinx_softwaredriver</spirit:name>
        <spirit:displayName>Software Driver</spirit:displayName>
        <spirit:envIdentifier>:vivado.xilinx.com:sw.driver</spirit:envIdentifier>
        <spirit:fileSetRef>
          <spirit:localName>xilinx_softwaredriver_view_fileset</spirit:localName>
        </spirit:fileSetRef>
        <spirit:parameters>
          <spirit:parameter>
            <spirit:name>viewChecksum</spirit:name>
            <spirit:value>ede815a9</spirit:value>
          </spirit:parameter>
        </spirit:parameters>
      </spirit:view>
      <spirit:view>
        <spirit:name>xilinx_xpgui</spirit:name>
        <spirit:displayName>UI Layout</spirit:displayName>
        <spirit:envIdentifier>:vivado.xilinx.com:xgui.ui</spirit:envIdentifier>
        <spirit:fileSetRef>
          <spirit:localName>xilinx_xpgui_view_fileset</spirit:localName>
        </spirit:fileSetRef>
        <spirit:parameters>
          <spirit:parameter>
            <spirit:name>viewChecksum</spirit:name>
            <spirit:value>dda4df14</spirit:value>
          </spirit:parameter>
        </spirit:parameters>
      </spirit:view>
      <spirit:view>
        <spirit:name>bd_tcl</spirit:name>
        <spirit:displayName>Block Diagram</spirit:displayName>
        <spirit:envIdentifier>:vivado.xilinx.com:block.diagram</spirit:envIdentifier>
        <spirit:fileSetRef>
          <spirit:localName>bd_tcl_view_fileset</spirit:localName>
        </spirit:fileSetRef>
        <spirit:parameters>
          <spirit:parameter>
            <spirit:name>viewChecksum</spirit:name>
            <spirit:value>16328387</spirit:value>
          </spirit:parameter>
        </spirit:parameters>
      </spirit:view>
    </spirit:views>
    <spirit:ports>
      <spirit:port>
        <spirit:name>ToF_clk</spirit:name>
        <spirit:wire>
          <spirit:direction>in</spirit:direction>
          <spirit:wireTypeDefs>
            <spirit:wireTypeDef>
              <spirit:typeName>wire</spirit:typeName>
              <spirit:viewNameRef>xilinx_verilogsynthesis</spirit:viewNameRef>
              <spirit:viewNameRef>xilinx_verilogbehavioralsimulation</spirit:viewNameRef>
            </spirit:wireTypeDef>
          </spirit:wireTypeDefs>
        </spirit:wire>
      </spirit:port>
      <spirit:port>
        <spirit:name>ToF_SCL</spirit:name>
        <spirit:wire>
          <spirit:direction>inout</spirit:direction>
          <spirit:vector>
            <spirit:left spirit:format="long">0</spirit:left>
            <spirit:right spirit:format="long">7</spirit:right>
          </spirit:vector>
          <spirit:wireTypeDefs>
            <spirit:wireTypeDef>
              <spirit:typeName>wire</spirit:typeName>
              <spirit:viewNameRef>xilinx_verilogsynthesis</spirit:viewNameRef>
              <spirit:viewNameRef>xilinx_verilogbehavioralsimulation</spirit:viewNameRef>
            </spirit:wireTypeDef>
          </spirit:wireTypeDefs>
        </spirit:wire>
      </spirit:port>
      <spirit:port>
        <spirit:name>ToF_SDA</spirit:name>
        <spirit:wire>
          <spirit:direction>inout</spirit:direction>
          <spirit:vector>
            <spirit:left spirit:format="long">0</spirit:left>
            <spirit:right spirit:format="long">7</spirit:right>
          </spirit:vector>
          <spirit:wireTypeDefs>
            <spirit:wireTypeDef>
              <spirit:typeName>wire</spirit:typeName>
              <spirit:viewNameRef>xilinx_verilogsynthesis</spirit:viewNameRef>
              <spirit:viewNameRef>xilinx_verilogbehavioralsimulation</spirit:viewNameRef>
            </spirit:wireTypeDef>
          </spirit:wireTypeDefs>
        </spirit:wire>
      </spirit:port>
      <spirit:port>
        <spirit:name>ToF_INT</spirit:name>
        <spirit:wire>
          <spirit:direction>in</spirit:direction>
          <spirit:vector>
            <spirit:left spirit:format="long">0</spirit:left>
            <spirit:right spirit:format="long">7</spirit:right>
          </spirit:vector>
          <spirit:wireTypeDefs>
            <spirit:wireTypeDef>
              <spirit:typeName>wire</spirit:typeName>
              <spirit:viewNameRef>xilinx_verilogsynthesis</spirit:viewNameRef>
              <spirit:viewNameRef>xilinx_verilogbehavioralsimulation</spirit:viewNameRef>
            </spirit:wireTypeDef>
          </spirit:wireTypeDefs>
        </spirit:wire>
      </spirit:port>
      <spirit:port>
        <spirit:name>s00_axi_awaddr</spirit:name>
        <spirit:wire>
          <spirit:direction>in</spirit:direction>
          <spirit:vector>
            <spirit:left spirit:format="long" spirit:resolve="dependent" spirit:dependency="(spirit:decode(id(&apos;MODELPARAM_VALUE.C_S00_AXI_ADDR_WIDTH&apos;)) - 1)">3</spirit:left>
            <spirit:right spirit:format="long">0</spirit:right>
          </spirit:vector>
          <spirit:wireTypeDefs>
            <spirit:wireTypeDef>
              <spirit:typeName>wire</spirit:typeName>
              <spirit:viewNameRef>xilinx_verilogsynthesis</spirit:viewNameRef>
              <spirit:viewNameRef>xilinx_verilogbehavioralsimulation</spirit:viewNameRef>
            </spirit:wireTypeDef>
          </spirit:wireTypeDefs>
        </spirit:wire>
      </spirit:port>
      <spirit:port>
        <spirit:name>s00_axi_awprot</spirit:name>
        <spirit:wire>
          <spirit:direction>in</spirit:direction>
          <spirit:vector>
            <spirit:left spirit:format="long">2</spirit:left>
            <spirit:right spirit:format="long">0</spirit:right>
          </spirit:vector>
          <spirit:wireTypeDefs>
            <spirit:wireTypeDef>
              <spirit:typeName>wire</spirit:typeName>
              <spirit:viewNameRef>xilinx_verilogsynthesis</spirit:viewNameRef>
              <spirit:viewNameRef>xilinx_verilogbehavioralsimulation</spirit:viewNameRef>
            </spirit:wireTypeDef>
          </spirit:wireTypeDefs>
        </spirit:wire>
      </spirit:port>
      <spirit:port>
        <spirit:name>s00_axi_awvalid</spirit:name>
        <spirit:wire>
          <spirit:direction>in</spirit:direction>
          <spirit:wireTypeDefs>
            <spirit:wireTypeDef>
              <spirit:typeName>wire</spirit:typeName>
              <spirit:viewNameRef>xilinx_verilogsynthesis</spirit:viewNameRef>
              <spirit:viewNameRef>xilinx_verilogbehavioralsimulation</spirit:viewNameRef>
            </spirit:wireTypeDef>
          </spirit:wireTypeDefs>
        </spirit:wire>
      </spirit:port>
      <spirit:port>
        <spirit:name>s00_axi_awready</spirit:name>
        <spirit:wire>
          <spirit:direction>out</spirit:direction>
          <spirit:wireTypeDefs>
            <spirit:wireTypeDef>
              <spirit:typeName>wire</spirit:typeName>
              <spirit:viewNameRef>xilinx_verilogsynthesis</spirit:viewNameRef>
              <spirit:viewNameRef>xilinx_verilogbehavioralsimulation</spirit:viewNameRef>
            </spirit:wireTypeDef>
          </spirit:wireTypeDefs>
        </spirit:wire>
      </spirit:port>
      <spirit:port>
        <spirit:name>s00_axi_wdata</spirit:name>
        <spirit:wire>
          <spirit:direction>in</spirit:direction>
          <spirit:vector>
            <spirit:left spirit:format="long" spirit:resolve="dependent" spirit:dependency="(spirit:decode(id(&apos;MODELPARAM_VALUE.C_S00_AXI_DATA_WIDTH&apos;)) - 1)">31</spirit:left>
            <spirit:right spirit:format="long">0</spirit:right>
          </spirit:vector>
          <spirit:wireTypeDefs>
            <spirit:wireTypeDef>
              <spirit:typeName>wire</spirit:typeName>
              <spirit:viewNameRef>xilinx_verilogsynthesis</spirit:viewNameRef>
              <spirit:viewNameRef>xilinx_verilogbehavioralsimulation</spirit:viewNameRef>
            </spirit:wireTypeDef>
          </spirit:wireTypeDefs>
        </spirit:wire>
      </spirit:port>
      <spirit:port>
        <spirit:name>s00_axi_wstrb</spirit:name>
        <spirit:wire>
          <spirit:direction>in</spirit:direction>
          <spirit:vector>
            <spirit:left spirit:format="long" spirit:resolve="dependent" spirit:dependency="((spirit:decode(id(&apos;MODELPARAM_VALUE.C_S00_AXI_DATA_WIDTH&apos;)) / 8) - 1)">3</spirit:left>
            <spirit:right spirit:format="long">0</spirit:right>
          </spirit:vector>
          <spirit:wireTypeDefs>
            <spirit:wireTypeDef>
              <spirit:typeName>wire</spirit:typeName>
              <spirit:viewNameRef>xilinx_verilogsynthesis</spirit:viewNameRef>
              <spirit:viewNameRef>xilinx_verilogbehavioralsimulation</spirit:viewNameRef>
            </spirit:wireTypeDef>
          </spirit:wireTypeDefs>
        </spirit:wire>
      </spirit:port>
      <spirit:port>
        <spirit:name>s00_axi_wvalid</spirit:name>
        <spirit:wire>
          <spirit:direction>in</spirit:direction>
          <spirit:wireTypeDefs>
            <spirit:wireTypeDef>
              <spirit:typeName>wire</spirit:typeName>
              <spirit:viewNameRef>xilinx_verilogsynthesis</spirit:viewNameRef>
              <spirit:viewNameRef>xilinx_verilogbehavioralsimulation</spirit:viewNameRef>
            </spirit:wireTypeDef>
          </spirit:wireTypeDefs>
        </spirit:wire>
      </spirit:port>
      <spirit:port>
        <spirit:name>s00_axi_wready</spirit:name>
        <spirit:wire>
          <spirit:direction>out</spirit:direction>
          <spirit:wireTypeDefs>
            <spirit:wireTypeDef>
              <spirit:typeName>wire</spirit:typeName>
              <spirit:viewNameRef>xilinx_verilogsynthesis</spirit:viewNameRef>
              <spirit:viewNameRef>xilinx_verilogbehavioralsimulation</spirit:viewNameRef>
            </spirit:wireTypeDef>
          </spirit:wireTypeDefs>
        </spirit:wire>
      </spirit:port>
      <spirit:port>
        <spirit:name>s00_axi_bresp</spirit:name>
        <spirit:wire>
          <spirit:direction>out</spirit:direction>
          <spirit:vector>
            <spirit:left spirit:format="long">1</spirit:left>
            <spirit:right spirit:format="long">0</spirit:right>
          </spirit:vector>
          <spirit:wireTypeDefs>
            <spirit:wireTypeDef>
              <spirit:typeName>wire</spirit:typeName>
              <spirit:viewNameRef>xilinx_verilogsynthesis</spirit:viewNameRef>
              <spirit:viewNameRef>xilinx_verilogbehavioralsimulation</spirit:viewNameRef>
            </spirit:wireTypeDef>
          </spirit:wireTypeDefs>
        </spirit:wire>
      </spirit:port>
      <spirit:port>
        <spirit:name>s00_axi_bvalid</spirit:name>
        <spirit:wire>
          <spirit:direction>out</spirit:direction>
          <spirit:wireTypeDefs>
            <spirit:wireTypeDef>
              <spirit:typeName>wire</spirit:typeName>
              <spirit:viewNameRef>xilinx_verilogsynthesis</spirit:viewNameRef>
              <spirit:viewNameRef>xilinx_verilogbehavioralsimulation</spirit:viewNameRef>
            </spirit:wireTypeDef>
          </spirit:wireTypeDefs>
        </spirit:wire>
      </spirit:port>
      <spirit:port>
        <spirit:name>s00_axi_bready</spirit:name>
        <spirit:wire>
          <spirit:direction>in</spirit:direction>
          <spirit:wireTypeDefs>
            <spirit:wireTypeDef>
              <spirit:typeName>wire</spirit:typeName>
              <spirit:viewNameRef>xilinx_verilogsynthesis</spirit:viewNameRef>
              <spirit:viewNameRef>xilinx_verilogbehavioralsimulation</spirit:viewNameRef>
            </spirit:wireTypeDef>
          </spirit:wireTypeDefs>
        </spirit:wire>
      </spirit:port>
      <spirit:port>
        <spirit:name>s00_axi_araddr</spirit:name>
        <spirit:wire>
          <spirit:direction>in</spirit:direction>
          <spirit:vector>
            <spirit:left spirit:format="long" spirit:resolve="dependent" spirit:dependency="(spirit:decode(id(&apos;MODELPARAM_VALUE.C_S00_AXI_ADDR_WIDTH&apos;)) - 1)">3</spirit:left>
            <spirit:right spirit:format="long">0</spirit:right>
          </spirit:vector>
          <spirit:wireTypeDefs>
            <spirit:wireTypeDef>
              <spirit:typeName>wire</spirit:typeName>
              <spirit:viewNameRef>xilinx_verilogsynthesis</spirit:viewNameRef>
              <spirit:viewNameRef>xilinx_verilogbehavioralsimulation</spirit:viewNameRef>
            </spirit:wireTypeDef>
          </spirit:wireTypeDefs>
        </spirit:wire>
      </spirit:port>
      <spirit:port>
        <spirit:name>s00_axi_arprot</spirit:name>
        <spirit:wire>
          <spirit:direction>in</spirit:direction>
          <spirit:vector>
            <spirit:left spirit:format="long">2</spirit:left>
            <spirit:right spirit:format="long">0</spirit:right>
          </spirit:vector>
          <spirit:wireTypeDefs>
            <spirit:wireTypeDef>
              <spirit:typeName>wire</spirit:typeName>
              <spirit:viewNameRef>xilinx_verilogsynthesis</spirit:viewNameRef>
              <spirit:viewNameRef>xilinx_verilogbehavioralsimulation</spirit:viewNameRef>
            </spirit:wireTypeDef>
          </spirit:wireTypeDefs>
        </spirit:wire>
      </spirit:port>
      <spirit:port>
        <spirit:name>s00_axi_arvalid</spirit:name>
        <spirit:wire>
          <spirit:direction>in</spirit:direction>
          <spirit:wireTypeDefs>
            <spirit:wireTypeDef>
              <spirit:typeName>wire</spirit:typeName>
              <spirit:viewNameRef>xilinx_verilogsynthesis</spirit:viewNameRef>
              <spirit:viewNameRef>xilinx_verilogbehavioralsimulation</spirit:viewNameRef>
            </spirit:wireTypeDef>
          </spirit:wireTypeDefs>
        </spirit:wire>
      </spirit:port>
      <spirit:port>
        <spirit:name>s00_axi_arready</spirit:name>
        <spirit:wire>
          <spirit:direction>out</spirit:direction>
          <spirit:wireTypeDefs>
            <spirit:wireTypeDef>
              <spirit:typeName>wire</spirit:typeName>
              <spirit:viewNameRef>xilinx_verilogsynthesis</spirit:viewNameRef>
              <spirit:viewNameRef>xilinx_verilogbehavioralsimulation</spirit:viewNameRef>
            </spirit:wireTypeDef>
          </spirit:wireTypeDefs>
        </spirit:wire>
      </spirit:port>
      <spirit:port>
        <spirit:name>s00_axi_rdata</spirit:name>
        <spirit:wire>
          <spirit:direction>out</spirit:direction>
          <spirit:vector>
            <spirit:left spirit:format="long" spirit:resolve="dependent" spirit:dependency="(spirit:decode(id(&apos;MODELPARAM_VALUE.C_S00_AXI_DATA_WIDTH&apos;)) - 1)">31</spirit:left>
            <spirit:right spirit:format="long">0</spirit:right>
          </spirit:vector>
          <spirit:wireTypeDefs>
            <spirit:wireTypeDef>
              <spirit:typeName>wire</spirit:typeName>
              <spirit:viewNameRef>xilinx_verilogsynthesis</spirit:viewNameRef>
              <spirit:viewNameRef>xilinx_verilogbehavioralsimulation</spirit:viewNameRef>
            </spirit:wireTypeDef>
          </spirit:wireTypeDefs>
        </spirit:wire>
      </spirit:port>
      <spirit:port>
        <spirit:name>s00_axi_rresp</spirit:name>
        <spirit:wire>
          <spirit:direction>out</spirit:direction>
          <spirit:vector>
            <spirit:left spirit:format="long">1</spirit:left>
            <spirit:right spirit:format="long">0</spirit:right>
          </spirit:vector>
          <spirit:wireTypeDefs>
            <spirit:wireTypeDef>
              <spirit:typeName>wire</spirit:typeName>
              <spirit:viewNameRef>xilinx_verilogsynthesis</spirit:viewNameRef>
              <spirit:viewNameRef>xilinx_verilogbehavioralsimulation</spirit:viewNameRef>
            </spirit:wireTypeDef>
          </spirit:wireTypeDefs>
        </spirit:wire>
      </spirit:port>
      <spirit:port>
        <spirit:name>s00_axi_rvalid</spirit:name>
        <spirit:wire>
          <spirit:direction>out</spirit:direction>
          <spirit:wireTypeDefs>
            <spirit:wireTypeDef>
              <spirit:typeName>wire</spirit:typeName>
              <spirit:viewNameRef>xilinx_verilogsynthesis</spirit:viewNameRef>
              <spirit:viewNameRef>xilinx_verilogbehavioralsimulation</spirit:viewNameRef>
            </spirit:wireTypeDef>
          </spirit:wireTypeDefs>
        </spirit:wire>
      </spirit:port>
      <spirit:port>
        <spirit:name>s00_axi_rready</spirit:name>
        <spirit:wire>
          <spirit:direction>in</spirit:direction>
          <spirit:wireTypeDefs>
            <spirit:wireTypeDef>
              <spirit:typeName>wire</spirit:typeName>
              <spirit:viewNameRef>xilinx_verilogsynthesis</spirit:viewNameRef>
              <spirit:viewNameRef>xilinx_verilogbehavioralsimulation</spirit:viewNameRef>
            </spirit:wireTypeDef>
          </spirit:wireTypeDefs>
        </spirit:wire>
      </spirit:port>
      <spirit:port>
        <spirit:name>s00_axi_aclk</spirit:name>
        <spirit:wire>
          <spirit:direction>in</spirit:direction>
          <spirit:wireTypeDefs>
            <spirit:wireTypeDef>
              <spirit:typeName>wire</spirit:typeName>
              <spirit:viewNameRef>xilinx_verilogsynthesis</spirit:viewNameRef>
              <spirit:viewNameRef>xilinx_verilogbehavioralsimulation</spirit:viewNameRef>
            </spirit:wireTypeDef>
          </spirit:wireTypeDefs>
        </spirit:wire>
      </spirit:port>
      <spirit:port>
        <spirit:name>s00_axi_aresetn</spirit:name>
        <spirit:wire>
          <spirit:direction>in</spirit:direction>
          <spirit:wireTypeDefs>
            <spirit:wireTypeDef>
              <spirit:typeName>wire</spirit:typeName>
              <spirit:viewNameRef>xilinx_verilogsynthesis</spirit:viewNameRef>
              <spirit:viewNameRef>xilinx_verilogbehavioralsimulation</spirit:viewNameRef>
            </spirit:wireTypeDef>
          </spirit:wireTypeDefs>
        </spirit:wire>
      </spirit:port>
    </spirit:ports>
    <spirit:modelParameters>
      <spirit:modelParameter xsi:type="spirit:nameValueTypeType" spirit:dataType="integer">
        <spirit:name>C_S00_AXI_DATA_WIDTH</spirit:name>
        <spirit:displayName>C S00 AXI DATA WIDTH</spirit:displayName>
        <spirit:description>Width of S_AXI data bus</spirit:description>
        <spirit:value spirit:format="long" spirit:resolve="generated" spirit:id="MODELPARAM_VALUE.C_S00_AXI_DATA_WIDTH" spirit:order="3" spirit:rangeType="long">32</spirit:value>
      </spirit:modelParameter>
      <spirit:modelParameter spirit:dataType="integer">
        <spirit:name>C_S00_AXI_ADDR_WIDTH</spirit:name>
        <spirit:displayName>C S00 AXI ADDR WIDTH</spirit:displayName>
        <spirit:description>Width of S_AXI address bus</spirit:description>
        <spirit:value spirit:format="long" spirit:resolve="generated" spirit:id="MODELPARAM_VALUE.C_S00_AXI_ADDR_WIDTH" spirit:order="4" spirit:rangeType="long">4</spirit:value>
      </spirit:modelParameter>
    </spirit:modelParameters>
  </spirit:model>
  <spirit:choices>
    <spirit:choice>
      <spirit:name>choice_list_6fc15197</spirit:name>
      <spirit:enumeration>32</spirit:enumeration>
    </spirit:choice>
    <spirit:choice>
      <spirit:name>choice_list_9d8b0d81</spirit:name>
      <spirit:enumeration>ACTIVE_HIGH</spirit:enumeration>
      <spirit:enumeration>ACTIVE_LOW</spirit:enumeration>
    </spirit:choice>
    <spirit:choice>
      <spirit:name>choice_pairs_ce1226b1</spirit:name>
      <spirit:enumeration spirit:text="true">1</spirit:enumeration>
      <spirit:enumeration spirit:text="false">0</spirit:enumeration>
    </spirit:choice>
  </spirit:choices>
  <spirit:fileSets>
    <spirit:fileSet>
      <spirit:name>xilinx_verilogsynthesis_view_fileset</spirit:name>
      <spirit:file>
        <spirit:name>hdl/sph_ip_v1_0_S00_AXI.v</spirit:name>
        <spirit:fileType>verilogSource</spirit:fileType>
      </spirit:file>
      <spirit:file>
        <spirit:name>hdl/sph_ip_v1_0.v</spirit:name>
        <spirit:fileType>verilogSource</spirit:fileType>
        <spirit:userFileType>CHECKSUM_1c256567</spirit:userFileType>
      </spirit:file>
    </spirit:fileSet>
    <spirit:fileSet>
      <spirit:name>xilinx_verilogbehavioralsimulation_view_fileset</spirit:name>
      <spirit:file>
        <spirit:name>hdl/sph_ip_v1_0_S00_AXI.v</spirit:name>
        <spirit:fileType>verilogSource</spirit:fileType>
      </spirit:file>
      <spirit:file>
        <spirit:name>hdl/sph_ip_v1_0.v</spirit:name>
        <spirit:fileType>verilogSource</spirit:fileType>
      </spirit:file>
    </spirit:fileSet>
    <spirit:fileSet>
      <spirit:name>xilinx_softwaredriver_view_fileset</spirit:name>
      <spirit:file>
        <spirit:name>drivers/sph_ip_v1_0/data/sph_ip.mdd</spirit:name>
        <spirit:userFileType>mdd</spirit:userFileType>
        <spirit:userFileType>driver_mdd</spirit:userFileType>
      </spirit:file>
      <spirit:file>
        <spirit:name>drivers/sph_ip_v1_0/data/sph_ip.tcl</spirit:name>
        <spirit:fileType>tclSource</spirit:fileType>
        <spirit:userFileType>driver_tcl</spirit:userFileType>
      </spirit:file>
      <spirit:file>
        <spirit:name>drivers/sph_ip_v1_0/src/Makefile</spirit:name>
        <spirit:userFileType>driver_src</spirit:userFileType>
      </spirit:file>
      <spirit:file>
        <spirit:name>drivers/sph_ip_v1_0/src/sph_ip.h</spirit:name>
        <spirit:fileType>cSource</spirit:fileType>
        <spirit:userFileType>driver_src</spirit:userFileType>
      </spirit:file>
      <spirit:file>
        <spirit:name>drivers/sph_ip_v1_0/src/sph_ip.c</spirit:name>
        <spirit:fileType>cSource</spirit:fileType>
        <spirit:userFileType>driver_src</spirit:userFileType>
      </spirit:file>
      <spirit:file>
        <spirit:name>drivers/sph_ip_v1_0/src/sph_ip_selftest.c</spirit:name>
        <spirit:fileType>cSource</spirit:fileType>
        <spirit:userFileType>driver_src</spirit:userFileType>
      </spirit:file>
    </spirit:fileSet>
    <spirit:fileSet>
      <spirit:name>xilinx_xpgui_view_fileset</spirit:name>
      <spirit:file>
        <spirit:name>xgui/sph_ip_v1_0.tcl</spirit:name>
        <spirit:fileType>tclSource</spirit:fileType>
        <spirit:userFileType>CHECKSUM_dda4df14</spirit:userFileType>
        <spirit:userFileType>XGUI_VERSION_2</spirit:userFileType>
      </spirit:file>
    </spirit:fileSet>
    <spirit:fileSet>
      <spirit:name>bd_tcl_view_fileset</spirit:name>
      <spirit:file>
        <spirit:name>bd/bd.tcl</spirit:name>
        <spirit:fileType>tclSource</spirit:fileType>
      </spirit:file>
    </spirit:fileSet>
  </spirit:fileSets>
  <spirit:description>My new AXI IP</spirit:description>
  <spirit:parameters>
    <spirit:parameter>
      <spirit:name>C_S00_AXI_DATA_WIDTH</spirit:name>
      <spirit:displayName>C S00 AXI DATA WIDTH</spirit:displayName>
      <spirit:description>Width of S_AXI data bus</spirit:description>
      <spirit:value spirit:format="long" spirit:resolve="user" spirit:id="PARAM_VALUE.C_S00_AXI_DATA_WIDTH" spirit:choiceRef="choice_list_6fc15197" spirit:order="3">32</spirit:value>
      <spirit:vendorExtensions>
        <xilinx:parameterInfo>
          <xilinx:enablement>
            <xilinx:isEnabled xilinx:id="PARAM_ENABLEMENT.C_S00_AXI_DATA_WIDTH">false</xilinx:isEnabled>
          </xilinx:enablement>
        </xilinx:parameterInfo>
      </spirit:vendorExtensions>
    </spirit:parameter>
    <spirit:parameter>
      <spirit:name>C_S00_AXI_ADDR_WIDTH</spirit:name>
      <spirit:displayName>C S00 AXI ADDR WIDTH</spirit:displayName>
      <spirit:description>Width of S_AXI address bus</spirit:description>
      <spirit:value spirit:format="long" spirit:resolve="user" spirit:id="PARAM_VALUE.C_S00_AXI_ADDR_WIDTH" spirit:order="4" spirit:rangeType="long">4</spirit:value>
      <spirit:vendorExtensions>
        <xilinx:parameterInfo>
          <xilinx:enablement>
            <xilinx:isEnabled xilinx:id="PARAM_ENABLEMENT.C_S00_AXI_ADDR_WIDTH">false</xilinx:isEnabled>
          </xilinx:enablement>
        </xilinx:parameterInfo>
      </spirit:vendorExtensions>
    </spirit:parameter>
    <spirit:parameter>
      <spirit:name>C_S00_AXI_BASEADDR</spirit:name>
      <spirit:displayName>C S00 AXI BASEADDR</spirit:displayName>
      <spirit:value spirit:format="bitString" spirit:resolve="user" spirit:id="PARAM_VALUE.C_S00_AXI_BASEADDR" spirit:order="5" spirit:bitStringLength="32">0xFFFFFFFF</spirit:value>
      <spirit:vendorExtensions>
        <xilinx:parameterInfo>
          <xilinx:enablement>
            <xilinx:isEnabled xilinx:id="PARAM_ENABLEMENT.C_S00_AXI_BASEADDR">false</xilinx:isEnabled>
          </xilinx:enablement>
        </xilinx:parameterInfo>
      </spirit:vendorExtensions>
    </spirit:parameter>
    <spirit:parameter>
      <spirit:name>C_S00_AXI_HIGHADDR</spirit:name>
      <spirit:displayName>C S00 AXI HIGHADDR</spirit:displayName>
      <spirit:value spirit:format="bitString" spirit:resolve="user" spirit:id="PARAM_VALUE.C_S00_AXI_HIGHADDR" spirit:order="6" spirit:bitStringLength="32">0x00000000</spirit:value>
      <spirit:vendorExtensions>
        <xilinx:parameterInfo>
          <xilinx:enablement>
            <xilinx:isEnabled xilinx:id="PARAM_ENABLEMENT.C_S00_AXI_HIGHADDR">false</xilinx:isEnabled>
          </xilinx:enablement>
        </xilinx:parameterInfo>
      </spirit:vendorExtensions>
    </spirit:parameter>
    <spirit:parameter>
      <spirit:name>Component_Name</spirit:name>
      <spirit:value spirit:resolve="user" spirit:id="PARAM_VALUE.Component_Name" spirit:order="1">sph_ip_v1_0</spirit:value>
    </spirit:parameter>
  </spirit:parameters>
  <spirit:vendorExtensions>
    <xilinx:coreExtensions>
      <xilinx:supportedFamilies>
        <xilinx:family xilinx:lifeCycle="Pre-Production">zynq</xilinx:family>
      </xilinx:supportedFamilies>
      <xilinx:taxonomies>
        <xilinx:taxonomy>AXI_Peripheral</xilinx:taxonomy>
      </xilinx:taxonomies>
      <xilinx:displayName>sph_ip_v1.0</xilinx:displayName>
      <xilinx:coreRevision>24</xilinx:coreRevision>
      <xilinx:coreCreationDateTime>2022-06-17T20:10:45Z</xilinx:coreCreationDateTime>
      <xilinx:tags>
        <xilinx:tag xilinx:name="ui.data.coregen.dd@2257f9ab_ARCHIVE_LOCATION">d:/studia/Systemy_Dedykowane_w_Ukladach_Programowalnych/SDUP_Project_2022/FPGA_Code/FPGA_Project.ip_user_files/ip/sph_ip_1.0</xilinx:tag>
        <xilinx:tag xilinx:name="ui.data.coregen.dd@48ec5a5e_ARCHIVE_LOCATION">d:/studia/Systemy_Dedykowane_w_Ukladach_Programowalnych/SDUP_Project_2022/FPGA_Code/FPGA_Project.ip_user_files/ip/sph_ip_1.0</xilinx:tag>
        <xilinx:tag xilinx:name="ui.data.coregen.dd@4391ef89_ARCHIVE_LOCATION">d:/studia/Systemy_Dedykowane_w_Ukladach_Programowalnych/SDUP_Project_2022/FPGA_Code/FPGA_Project.ip_user_files/ip/sph_ip_1.0</xilinx:tag>
        <xilinx:tag xilinx:name="ui.data.coregen.dd@6d8fad8d_ARCHIVE_LOCATION">d:/studia/Systemy_Dedykowane_w_Ukladach_Programowalnych/SDUP_Project_2022/FPGA_Code/FPGA_Project.ip_user_files/ip/sph_ip_1.0</xilinx:tag>
        <xilinx:tag xilinx:name="ui.data.coregen.dd@530a926d_ARCHIVE_LOCATION">d:/studia/Systemy_Dedykowane_w_Ukladach_Programowalnych/SDUP_Project_2022/FPGA_Code/FPGA_Project.ip_user_files/ip/sph_ip_1.0</xilinx:tag>
        <xilinx:tag xilinx:name="ui.data.coregen.dd@7996fa7c_ARCHIVE_LOCATION">d:/studia/Systemy_Dedykowane_w_Ukladach_Programowalnych/SDUP_Project_2022/FPGA_Code/FPGA_Project.ip_user_files/ip/sph_ip_1.0</xilinx:tag>
        <xilinx:tag xilinx:name="ui.data.coregen.dd@225bba5d_ARCHIVE_LOCATION">d:/studia/Systemy_Dedykowane_w_Ukladach_Programowalnych/SDUP_Project_2022/FPGA_Code/FPGA_Project.ip_user_files/ip/sph_ip_1.0</xilinx:tag>
        <xilinx:tag xilinx:name="ui.data.coregen.dd@7d659132_ARCHIVE_LOCATION">d:/studia/Systemy_Dedykowane_w_Ukladach_Programowalnych/SDUP_Project_2022/FPGA_Code/FPGA_Project.ip_user_files/ip/sph_ip_1.0</xilinx:tag>
        <xilinx:tag xilinx:name="ui.data.coregen.dd@42400bf0_ARCHIVE_LOCATION">d:/studia/Systemy_Dedykowane_w_Ukladach_Programowalnych/SDUP_Project_2022/FPGA_Code/FPGA_Project.ip_user_files/ip/sph_ip_1.0</xilinx:tag>
        <xilinx:tag xilinx:name="ui.data.coregen.dd@1e24e0de_ARCHIVE_LOCATION">d:/studia/Systemy_Dedykowane_w_Ukladach_Programowalnych/SDUP_Project_2022/FPGA_Code/FPGA_Project.ip_user_files/ip/sph_ip_1.0</xilinx:tag>
        <xilinx:tag xilinx:name="ui.data.coregen.dd@4dd549f9_ARCHIVE_LOCATION">d:/studia/Systemy_Dedykowane_w_Ukladach_Programowalnych/SDUP_Project_2022/FPGA_Code/FPGA_Project.ip_user_files/ip/sph_ip_1.0</xilinx:tag>
        <xilinx:tag xilinx:name="ui.data.coregen.dd@5d12e7ed_ARCHIVE_LOCATION">d:/studia/Systemy_Dedykowane_w_Ukladach_Programowalnych/SDUP_Project_2022/FPGA_Code/FPGA_Project.ip_user_files/ip/sph_ip_1.0</xilinx:tag>
        <xilinx:tag xilinx:name="ui.data.coregen.dd@7abc9667_ARCHIVE_LOCATION">d:/studia/Systemy_Dedykowane_w_Ukladach_Programowalnych/SDUP_Project_2022/FPGA_Code/FPGA_Project.ip_user_files/ip/sph_ip_1.0</xilinx:tag>
        <xilinx:tag xilinx:name="ui.data.coregen.dd@e100bb7_ARCHIVE_LOCATION">d:/studia/Systemy_Dedykowane_w_Ukladach_Programowalnych/SDUP_Project_2022/FPGA_Code/FPGA_Project.ip_user_files/ip/sph_ip_1.0</xilinx:tag>
        <xilinx:tag xilinx:name="ui.data.coregen.dd@719c6331_ARCHIVE_LOCATION">d:/studia/Systemy_Dedykowane_w_Ukladach_Programowalnych/SDUP_Project_2022/FPGA_Code/FPGA_Project.ip_user_files/ip/sph_ip_1.0</xilinx:tag>
        <xilinx:tag xilinx:name="ui.data.coregen.dd@6af90f8a_ARCHIVE_LOCATION">d:/studia/Systemy_Dedykowane_w_Ukladach_Programowalnych/SDUP_Project_2022/FPGA_Code/FPGA_Project.ip_user_files/ip/sph_ip_1.0</xilinx:tag>
        <xilinx:tag xilinx:name="ui.data.coregen.dd@632a0534_ARCHIVE_LOCATION">d:/studia/Systemy_Dedykowane_w_Ukladach_Programowalnych/SDUP_Project_2022/FPGA_Code/FPGA_Project.ip_user_files/ip/sph_ip_1.0</xilinx:tag>
        <xilinx:tag xilinx:name="ui.data.coregen.dd@3efa4159_ARCHIVE_LOCATION">d:/studia/Systemy_Dedykowane_w_Ukladach_Programowalnych/SDUP_Project_2022/FPGA_Code/FPGA_Project.ip_user_files/ip/sph_ip_1.0</xilinx:tag>
        <xilinx:tag xilinx:name="ui.data.coregen.dd@40750a7c_ARCHIVE_LOCATION">d:/studia/Systemy_Dedykowane_w_Ukladach_Programowalnych/SDUP_Project_2022/FPGA_Code/FPGA_Project.ip_user_files/ip/sph_ip_1.0</xilinx:tag>
        <xilinx:tag xilinx:name="ui.data.coregen.dd@3b1f2bd9_ARCHIVE_LOCATION">d:/studia/Systemy_Dedykowane_w_Ukladach_Programowalnych/SDUP_Project_2022/FPGA_Code/FPGA_Project.ip_user_files/ip/sph_ip_1.0</xilinx:tag>
        <xilinx:tag xilinx:name="ui.data.coregen.dd@2971f18d_ARCHIVE_LOCATION">d:/studia/Systemy_Dedykowane_w_Ukladach_Programowalnych/SDUP_Project_2022/FPGA_Code/FPGA_Project.ip_user_files/ip/sph_ip_1.0</xilinx:tag>
        <xilinx:tag xilinx:name="ui.data.coregen.dd@2cc544_ARCHIVE_LOCATION">d:/studia/Systemy_Dedykowane_w_Ukladach_Programowalnych/SDUP_Project_2022/FPGA_Code/FPGA_Project.ip_user_files/ip/sph_ip_1.0</xilinx:tag>
        <xilinx:tag xilinx:name="ui.data.coregen.dd@2807d4c0_ARCHIVE_LOCATION">d:/studia/Systemy_Dedykowane_w_Ukladach_Programowalnych/SDUP_Project_2022/FPGA_Code/FPGA_Project.ip_user_files/ip/sph_ip_1.0</xilinx:tag>
        <xilinx:tag xilinx:name="ui.data.coregen.dd@394e9d6b_ARCHIVE_LOCATION">d:/studia/Systemy_Dedykowane_w_Ukladach_Programowalnych/SDUP_Project_2022/FPGA_Code/FPGA_Project.ip_user_files/ip/sph_ip_1.0</xilinx:tag>
        <xilinx:tag xilinx:name="ui.data.coregen.dd@3ff27709_ARCHIVE_LOCATION">d:/studia/Systemy_Dedykowane_w_Ukladach_Programowalnych/SDUP_Project_2022/FPGA_Code/FPGA_Project.ip_user_files/ip/sph_ip_1.0</xilinx:tag>
        <xilinx:tag xilinx:name="ui.data.coregen.dd@14e23c0a_ARCHIVE_LOCATION">d:/studia/Systemy_Dedykowane_w_Ukladach_Programowalnych/SDUP_Project_2022/FPGA_Code/FPGA_Project.ip_user_files/ip/sph_ip_1.0</xilinx:tag>
        <xilinx:tag xilinx:name="ui.data.coregen.dd@1b406b93_ARCHIVE_LOCATION">d:/studia/Systemy_Dedykowane_w_Ukladach_Programowalnych/SDUP_Project_2022/FPGA_Code/FPGA_Project.ip_user_files/ip/sph_ip_1.0</xilinx:tag>
        <xilinx:tag xilinx:name="ui.data.coregen.dd@7ec51020_ARCHIVE_LOCATION">d:/studia/Systemy_Dedykowane_w_Ukladach_Programowalnych/SDUP_Project_2022/FPGA_Code/FPGA_Project.ip_user_files/ip/sph_ip_1.0</xilinx:tag>
        <xilinx:tag xilinx:name="ui.data.coregen.dd@c48f3d1_ARCHIVE_LOCATION">d:/studia/Systemy_Dedykowane_w_Ukladach_Programowalnych/SDUP_Project_2022/FPGA_Code/FPGA_Project.ip_user_files/ip/sph_ip_1.0</xilinx:tag>
        <xilinx:tag xilinx:name="ui.data.coregen.dd@18547bf6_ARCHIVE_LOCATION">d:/studia/Systemy_Dedykowane_w_Ukladach_Programowalnych/SDUP_Project_2022/FPGA_Code/FPGA_Project.ip_user_files/ip/sph_ip_1.0</xilinx:tag>
        <xilinx:tag xilinx:name="ui.data.coregen.dd@558a6f2c_ARCHIVE_LOCATION">d:/studia/Systemy_Dedykowane_w_Ukladach_Programowalnych/SDUP_Project_2022/FPGA_Code/FPGA_Project.ip_user_files/ip/sph_ip_1.0</xilinx:tag>
        <xilinx:tag xilinx:name="ui.data.coregen.dd@52c903fa_ARCHIVE_LOCATION">d:/studia/Systemy_Dedykowane_w_Ukladach_Programowalnych/SDUP_Project_2022/FPGA_Code/FPGA_Project.ip_user_files/ip/sph_ip_1.0</xilinx:tag>
        <xilinx:tag xilinx:name="ui.data.coregen.dd@707b464a_ARCHIVE_LOCATION">d:/studia/Systemy_Dedykowane_w_Ukladach_Programowalnych/SDUP_Project_2022/FPGA_Code/FPGA_Project.ip_user_files/ip/sph_ip_1.0</xilinx:tag>
        <xilinx:tag xilinx:name="ui.data.coregen.dd@4b89625f_ARCHIVE_LOCATION">d:/studia/Systemy_Dedykowane_w_Ukladach_Programowalnych/SDUP_Project_2022/FPGA_Code/FPGA_Project.ip_user_files/ip/sph_ip_1.0</xilinx:tag>
        <xilinx:tag xilinx:name="ui.data.coregen.dd@2cec2ad3_ARCHIVE_LOCATION">d:/studia/Systemy_Dedykowane_w_Ukladach_Programowalnych/SDUP_Project_2022/FPGA_Code/FPGA_Project.ip_user_files/ip/sph_ip_1.0</xilinx:tag>
        <xilinx:tag xilinx:name="ui.data.coregen.dd@618939ee_ARCHIVE_LOCATION">d:/studia/Systemy_Dedykowane_w_Ukladach_Programowalnych/SDUP_Project_2022/FPGA_Code/FPGA_Project.ip_user_files/ip/sph_ip_1.0</xilinx:tag>
        <xilinx:tag xilinx:name="ui.data.coregen.dd@2bf7b90d_ARCHIVE_LOCATION">d:/studia/Systemy_Dedykowane_w_Ukladach_Programowalnych/SDUP_Project_2022/FPGA_Code/FPGA_Project.ip_user_files/ip/sph_ip_1.0</xilinx:tag>
        <xilinx:tag xilinx:name="ui.data.coregen.dd@54f215f_ARCHIVE_LOCATION">d:/studia/Systemy_Dedykowane_w_Ukladach_Programowalnych/SDUP_Project_2022/FPGA_Code/FPGA_Project.ip_user_files/ip/sph_ip_1.0</xilinx:tag>
        <xilinx:tag xilinx:name="ui.data.coregen.dd@498cb46e_ARCHIVE_LOCATION">d:/studia/Systemy_Dedykowane_w_Ukladach_Programowalnych/SDUP_Project_2022/FPGA_Code/FPGA_Project.ip_user_files/ip/sph_ip_1.0</xilinx:tag>
        <xilinx:tag xilinx:name="ui.data.coregen.dd@69ceeb97_ARCHIVE_LOCATION">d:/studia/Systemy_Dedykowane_w_Ukladach_Programowalnych/SDUP_Project_2022/FPGA_Code/FPGA_Project.ip_user_files/ip/sph_ip_1.0</xilinx:tag>
        <xilinx:tag xilinx:name="ui.data.coregen.dd@66ad6287_ARCHIVE_LOCATION">d:/studia/Systemy_Dedykowane_w_Ukladach_Programowalnych/SDUP_Project_2022/FPGA_Code/FPGA_Project.ip_user_files/ip/sph_ip_1.0</xilinx:tag>
        <xilinx:tag xilinx:name="ui.data.coregen.dd@6da52ab3_ARCHIVE_LOCATION">d:/studia/Systemy_Dedykowane_w_Ukladach_Programowalnych/SDUP_Project_2022/FPGA_Code/FPGA_Project.ip_user_files/ip/sph_ip_1.0</xilinx:tag>
        <xilinx:tag xilinx:name="ui.data.coregen.dd@77b54227_ARCHIVE_LOCATION">d:/studia/Systemy_Dedykowane_w_Ukladach_Programowalnych/SDUP_Project_2022/FPGA_Code/FPGA_Project.ip_user_files/ip/sph_ip_1.0</xilinx:tag>
        <xilinx:tag xilinx:name="ui.data.coregen.dd@24cf4735_ARCHIVE_LOCATION">d:/studia/Systemy_Dedykowane_w_Ukladach_Programowalnych/SDUP_Project_2022/FPGA_Code/FPGA_Project.ip_user_files/ip/sph_ip_1.0</xilinx:tag>
        <xilinx:tag xilinx:name="ui.data.coregen.dd@3645c3d8_ARCHIVE_LOCATION">d:/studia/Systemy_Dedykowane_w_Ukladach_Programowalnych/SDUP_Project_2022/FPGA_Code/FPGA_Project.ip_user_files/ip/sph_ip_1.0</xilinx:tag>
        <xilinx:tag xilinx:name="ui.data.coregen.dd@12d3664_ARCHIVE_LOCATION">d:/studia/Systemy_Dedykowane_w_Ukladach_Programowalnych/SDUP_Project_2022/FPGA_Code/FPGA_Project.ip_user_files/ip/sph_ip_1.0</xilinx:tag>
        <xilinx:tag xilinx:name="ui.data.coregen.dd@69b66efd_ARCHIVE_LOCATION">d:/studia/Systemy_Dedykowane_w_Ukladach_Programowalnych/SDUP_Project_2022/FPGA_Code/FPGA_Project.ip_user_files/ip/sph_ip_1.0</xilinx:tag>
        <xilinx:tag xilinx:name="ui.data.coregen.dd@6a9a21ff_ARCHIVE_LOCATION">d:/studia/Systemy_Dedykowane_w_Ukladach_Programowalnych/SDUP_Project_2022/FPGA_Code/FPGA_Project.ip_user_files/ip/sph_ip_1.0</xilinx:tag>
        <xilinx:tag xilinx:name="ui.data.coregen.dd@1fff73fd_ARCHIVE_LOCATION">d:/studia/Systemy_Dedykowane_w_Ukladach_Programowalnych/SDUP_Project_2022/FPGA_Code/FPGA_Project.ip_user_files/ip/sph_ip_1.0</xilinx:tag>
        <xilinx:tag xilinx:name="ui.data.coregen.dd@5fb98c43_ARCHIVE_LOCATION">d:/studia/Systemy_Dedykowane_w_Ukladach_Programowalnych/SDUP_Project_2022/FPGA_Code/FPGA_Project.ip_user_files/ip/sph_ip_1.0</xilinx:tag>
        <xilinx:tag xilinx:name="ui.data.coregen.dd@7951192b_ARCHIVE_LOCATION">d:/studia/Systemy_Dedykowane_w_Ukladach_Programowalnych/SDUP_Project_2022/FPGA_Code/FPGA_Project.ip_user_files/ip/sph_ip_1.0</xilinx:tag>
        <xilinx:tag xilinx:name="ui.data.coregen.dd@5e364d99_ARCHIVE_LOCATION">d:/studia/Systemy_Dedykowane_w_Ukladach_Programowalnych/SDUP_Project_2022/FPGA_Code/FPGA_Project.ip_user_files/ip/sph_ip_1.0</xilinx:tag>
        <xilinx:tag xilinx:name="ui.data.coregen.dd@25304bef_ARCHIVE_LOCATION">d:/studia/Systemy_Dedykowane_w_Ukladach_Programowalnych/SDUP_Project_2022/FPGA_Code/FPGA_Project.ip_user_files/ip/sph_ip_1.0</xilinx:tag>
        <xilinx:tag xilinx:name="ui.data.coregen.dd@26843954_ARCHIVE_LOCATION">d:/studia/Systemy_Dedykowane_w_Ukladach_Programowalnych/SDUP_Project_2022/FPGA_Code/FPGA_Project.ip_user_files/ip/sph_ip_1.0</xilinx:tag>
        <xilinx:tag xilinx:name="ui.data.coregen.dd@52055020_ARCHIVE_LOCATION">d:/studia/Systemy_Dedykowane_w_Ukladach_Programowalnych/SDUP_Project_2022/FPGA_Code/FPGA_Project.ip_user_files/ip/sph_ip_1.0</xilinx:tag>
        <xilinx:tag xilinx:name="ui.data.coregen.dd@1de69e7f_ARCHIVE_LOCATION">d:/studia/Systemy_Dedykowane_w_Ukladach_Programowalnych/SDUP_Project_2022/FPGA_Code/FPGA_Project.ip_user_files/ip/sph_ip_1.0</xilinx:tag>
        <xilinx:tag xilinx:name="ui.data.coregen.dd@68ff2dff_ARCHIVE_LOCATION">d:/studia/Systemy_Dedykowane_w_Ukladach_Programowalnych/SDUP_Project_2022/FPGA_Code/FPGA_Project.ip_user_files/ip/sph_ip_1.0</xilinx:tag>
        <xilinx:tag xilinx:name="ui.data.coregen.dd@41b784f4_ARCHIVE_LOCATION">d:/studia/Systemy_Dedykowane_w_Ukladach_Programowalnych/SDUP_Project_2022/FPGA_Code/FPGA_Project.ip_user_files/ip/sph_ip_1.0</xilinx:tag>
        <xilinx:tag xilinx:name="ui.data.coregen.dd@32e5c008_ARCHIVE_LOCATION">d:/studia/Systemy_Dedykowane_w_Ukladach_Programowalnych/SDUP_Project_2022/FPGA_Code/FPGA_Project.ip_user_files/ip/sph_ip_1.0</xilinx:tag>
        <xilinx:tag xilinx:name="ui.data.coregen.dd@32405c35_ARCHIVE_LOCATION">d:/studia/Systemy_Dedykowane_w_Ukladach_Programowalnych/SDUP_Project_2022/FPGA_Code/FPGA_Project.ip_user_files/ip/sph_ip_1.0</xilinx:tag>
        <xilinx:tag xilinx:name="ui.data.coregen.dd@64513a19_ARCHIVE_LOCATION">d:/studia/Systemy_Dedykowane_w_Ukladach_Programowalnych/SDUP_Project_2022/FPGA_Code/FPGA_Project.ip_user_files/ip/sph_ip_1.0</xilinx:tag>
        <xilinx:tag xilinx:name="ui.data.coregen.dd@5371e06b_ARCHIVE_LOCATION">d:/studia/Systemy_Dedykowane_w_Ukladach_Programowalnych/SDUP_Project_2022/FPGA_Code/FPGA_Project.ip_user_files/ip/sph_ip_1.0</xilinx:tag>
        <xilinx:tag xilinx:name="ui.data.coregen.dd@aef6b7_ARCHIVE_LOCATION">d:/studia/Systemy_Dedykowane_w_Ukladach_Programowalnych/SDUP_Project_2022/FPGA_Code/FPGA_Project.ip_user_files/ip/sph_ip_1.0</xilinx:tag>
        <xilinx:tag xilinx:name="ui.data.coregen.dd@691a7f3_ARCHIVE_LOCATION">d:/studia/Systemy_Dedykowane_w_Ukladach_Programowalnych/SDUP_Project_2022/FPGA_Code/FPGA_Project.ip_user_files/ip/sph_ip_1.0</xilinx:tag>
        <xilinx:tag xilinx:name="ui.data.coregen.dd@2ba0d1ab_ARCHIVE_LOCATION">d:/studia/Systemy_Dedykowane_w_Ukladach_Programowalnych/SDUP_Project_2022/FPGA_Code/FPGA_Project.ip_user_files/ip/sph_ip_1.0</xilinx:tag>
        <xilinx:tag xilinx:name="ui.data.coregen.dd@3d1e3075_ARCHIVE_LOCATION">d:/studia/Systemy_Dedykowane_w_Ukladach_Programowalnych/SDUP_Project_2022/FPGA_Code/FPGA_Project.ip_user_files/ip/sph_ip_1.0</xilinx:tag>
        <xilinx:tag xilinx:name="ui.data.coregen.dd@6b6a1128_ARCHIVE_LOCATION">d:/studia/Systemy_Dedykowane_w_Ukladach_Programowalnych/SDUP_Project_2022/FPGA_Code/Design_SRC/IP_Cores/sph_ip_1.0</xilinx:tag>
        <xilinx:tag xilinx:name="ui.data.coregen.dd@72d472db_ARCHIVE_LOCATION">d:/studia/Systemy_Dedykowane_w_Ukladach_Programowalnych/SDUP_Project_2022/FPGA_Code/Design_SRC/IP_Cores/sph_ip_1.0</xilinx:tag>
        <xilinx:tag xilinx:name="ui.data.coregen.dd@732b6267_ARCHIVE_LOCATION">d:/studia/Systemy_Dedykowane_w_Ukladach_Programowalnych/SDUP_Project_2022/FPGA_Code/Design_SRC/IP_Cores/sph_ip_1.0</xilinx:tag>
        <xilinx:tag xilinx:name="ui.data.coregen.dd@768fb518_ARCHIVE_LOCATION">d:/studia/Systemy_Dedykowane_w_Ukladach_Programowalnych/SDUP_Project_2022/FPGA_Code/Design_SRC/IP_Cores/sph_ip_1.0</xilinx:tag>
        <xilinx:tag xilinx:name="ui.data.coregen.dd@6402da51_ARCHIVE_LOCATION">d:/studia/Systemy_Dedykowane_w_Ukladach_Programowalnych/SDUP_Project_2022/FPGA_Code/Design_SRC/IP_Cores/sph_ip_1.0</xilinx:tag>
        <xilinx:tag xilinx:name="ui.data.coregen.dd@3cdfb15b_ARCHIVE_LOCATION">d:/studia/Systemy_Dedykowane_w_Ukladach_Programowalnych/SDUP_Project_2022/FPGA_Code/Design_SRC/IP_Cores/sph_ip_1.0</xilinx:tag>
        <xilinx:tag xilinx:name="ui.data.coregen.dd@5f00340d_ARCHIVE_LOCATION">d:/studia/Systemy_Dedykowane_w_Ukladach_Programowalnych/SDUP_Project_2022/FPGA_Code/Design_SRC/IP_Cores/sph_ip_1.0</xilinx:tag>
        <xilinx:tag xilinx:name="ui.data.coregen.dd@6d182c19_ARCHIVE_LOCATION">d:/studia/Systemy_Dedykowane_w_Ukladach_Programowalnych/SDUP_Project_2022/FPGA_Code/Design_SRC/IP_Cores/sph_ip_1.0</xilinx:tag>
        <xilinx:tag xilinx:name="ui.data.coregen.dd@5bb60640_ARCHIVE_LOCATION">d:/studia/Systemy_Dedykowane_w_Ukladach_Programowalnych/SDUP_Project_2022/FPGA_Code/Design_SRC/IP_Cores/sph_ip_1.0</xilinx:tag>
        <xilinx:tag xilinx:name="ui.data.coregen.dd@35db371_ARCHIVE_LOCATION">d:/studia/Systemy_Dedykowane_w_Ukladach_Programowalnych/SDUP_Project_2022/FPGA_Code/Design_SRC/IP_Cores/sph_ip_1.0</xilinx:tag>
        <xilinx:tag xilinx:name="ui.data.coregen.dd@2981d20_ARCHIVE_LOCATION">d:/studia/Systemy_Dedykowane_w_Ukladach_Programowalnych/SDUP_Project_2022/FPGA_Code/Design_SRC/IP_Cores/sph_ip_1.0</xilinx:tag>
        <xilinx:tag xilinx:name="ui.data.coregen.dd@74b99ceb_ARCHIVE_LOCATION">d:/studia/Systemy_Dedykowane_w_Ukladach_Programowalnych/SDUP_Project_2022/FPGA_Code/Design_SRC/IP_Cores/sph_ip_1.0</xilinx:tag>
        <xilinx:tag xilinx:name="ui.data.coregen.dd@385dc049_ARCHIVE_LOCATION">d:/studia/Systemy_Dedykowane_w_Ukladach_Programowalnych/SDUP_Project_2022/FPGA_Code/Design_SRC/IP_Cores/sph_ip_1.0</xilinx:tag>
        <xilinx:tag xilinx:name="ui.data.coregen.dd@7d40f2ee_ARCHIVE_LOCATION">d:/studia/Systemy_Dedykowane_w_Ukladach_Programowalnych/SDUP_Project_2022/FPGA_Code/Design_SRC/IP_Cores/sph_ip_1.0</xilinx:tag>
        <xilinx:tag xilinx:name="ui.data.coregen.dd@3b80f33d_ARCHIVE_LOCATION">d:/studia/Systemy_Dedykowane_w_Ukladach_Programowalnych/SDUP_Project_2022/FPGA_Code/Design_SRC/IP_Cores/sph_ip_1.0</xilinx:tag>
        <xilinx:tag xilinx:name="ui.data.coregen.dd@7e554852_ARCHIVE_LOCATION">d:/studia/Systemy_Dedykowane_w_Ukladach_Programowalnych/SDUP_Project_2022/FPGA_Code/Design_SRC/IP_Cores/sph_ip_1.0</xilinx:tag>
        <xilinx:tag xilinx:name="ui.data.coregen.dd@478caf1_ARCHIVE_LOCATION">d:/studia/Systemy_Dedykowane_w_Ukladach_Programowalnych/SDUP_Project_2022/FPGA_Code/Design_SRC/IP_Cores/sph_ip_1.0</xilinx:tag>
        <xilinx:tag xilinx:name="ui.data.coregen.dd@6c671ee1_ARCHIVE_LOCATION">d:/studia/Systemy_Dedykowane_w_Ukladach_Programowalnych/SDUP_Project_2022/FPGA_Code/Design_SRC/IP_Cores/sph_ip_1.0</xilinx:tag>
        <xilinx:tag xilinx:name="ui.data.coregen.dd@4d201802_ARCHIVE_LOCATION">d:/studia/Systemy_Dedykowane_w_Ukladach_Programowalnych/SDUP_Project_2022/FPGA_Code/Design_SRC/IP_Cores/sph_ip_1.0</xilinx:tag>
        <xilinx:tag xilinx:name="ui.data.coregen.dd@d6d0b94_ARCHIVE_LOCATION">d:/studia/Systemy_Dedykowane_w_Ukladach_Programowalnych/SDUP_Project_2022/FPGA_Code/Design_SRC/IP_Cores/sph_ip_1.0</xilinx:tag>
        <xilinx:tag xilinx:name="ui.data.coregen.dd@7c618398_ARCHIVE_LOCATION">d:/studia/Systemy_Dedykowane_w_Ukladach_Programowalnych/SDUP_Project_2022/FPGA_Code/Design_SRC/IP_Cores/sph_ip_1.0</xilinx:tag>
        <xilinx:tag xilinx:name="ui.data.coregen.dd@1993710f_ARCHIVE_LOCATION">d:/studia/Systemy_Dedykowane_w_Ukladach_Programowalnych/SDUP_Project_2022/FPGA_Code/Design_SRC/IP_Cores/sph_ip_1.0</xilinx:tag>
        <xilinx:tag xilinx:name="ui.data.coregen.dd@527a6df8_ARCHIVE_LOCATION">d:/studia/Systemy_Dedykowane_w_Ukladach_Programowalnych/SDUP_Project_2022/FPGA_Code/Design_SRC/IP_Cores/sph_ip_1.0</xilinx:tag>
        <xilinx:tag xilinx:name="ui.data.coregen.dd@6798180_ARCHIVE_LOCATION">d:/studia/Systemy_Dedykowane_w_Ukladach_Programowalnych/SDUP_Project_2022/FPGA_Code/Design_SRC/IP_Cores/sph_ip_1.0</xilinx:tag>
        <xilinx:tag xilinx:name="ui.data.coregen.dd@5f742148_ARCHIVE_LOCATION">d:/studia/Systemy_Dedykowane_w_Ukladach_Programowalnych/SDUP_Project_2022/FPGA_Code/Design_SRC/IP_Cores/sph_ip_1.0</xilinx:tag>
        <xilinx:tag xilinx:name="ui.data.coregen.dd@1b3c7b63_ARCHIVE_LOCATION">d:/studia/Systemy_Dedykowane_w_Ukladach_Programowalnych/SDUP_Project_2022/FPGA_Code/Design_SRC/IP_Cores/sph_ip_1.0</xilinx:tag>
        <xilinx:tag xilinx:name="ui.data.coregen.dd@9447c6d_ARCHIVE_LOCATION">d:/studia/Systemy_Dedykowane_w_Ukladach_Programowalnych/SDUP_Project_2022/FPGA_Code/Design_SRC/IP_Cores/sph_ip_1.0</xilinx:tag>
        <xilinx:tag xilinx:name="ui.data.coregen.dd@63bf8c60_ARCHIVE_LOCATION">d:/studia/Systemy_Dedykowane_w_Ukladach_Programowalnych/SDUP_Project_2022/FPGA_Code/Design_SRC/IP_Cores/sph_ip_1.0</xilinx:tag>
        <xilinx:tag xilinx:name="ui.data.coregen.dd@2f4736ac_ARCHIVE_LOCATION">d:/studia/Systemy_Dedykowane_w_Ukladach_Programowalnych/SDUP_Project_2022/FPGA_Code/Design_SRC/IP_Cores/sph_ip_1.0</xilinx:tag>
        <xilinx:tag xilinx:name="ui.data.coregen.dd@3c9db76e_ARCHIVE_LOCATION">d:/studia/Systemy_Dedykowane_w_Ukladach_Programowalnych/SDUP_Project_2022/FPGA_Code/Design_SRC/IP_Cores/sph_ip_1.0</xilinx:tag>
        <xilinx:tag xilinx:name="ui.data.coregen.dd@6f2565f6_ARCHIVE_LOCATION">d:/studia/Systemy_Dedykowane_w_Ukladach_Programowalnych/SDUP_Project_2022/FPGA_Code/Design_SRC/IP_Cores/sph_ip_1.0</xilinx:tag>
        <xilinx:tag xilinx:name="ui.data.coregen.dd@6f572b8d_ARCHIVE_LOCATION">d:/studia/Systemy_Dedykowane_w_Ukladach_Programowalnych/SDUP_Project_2022/FPGA_Code/Design_SRC/IP_Cores/sph_ip_1.0</xilinx:tag>
        <xilinx:tag xilinx:name="ui.data.coregen.dd@723a0401_ARCHIVE_LOCATION">d:/studia/Systemy_Dedykowane_w_Ukladach_Programowalnych/SDUP_Project_2022/FPGA_Code/Design_SRC/IP_Cores/sph_ip_1.0</xilinx:tag>
        <xilinx:tag xilinx:name="ui.data.coregen.dd@164d4245_ARCHIVE_LOCATION">d:/studia/Systemy_Dedykowane_w_Ukladach_Programowalnych/SDUP_Project_2022/FPGA_Code/Design_SRC/IP_Cores/sph_ip_1.0</xilinx:tag>
        <xilinx:tag xilinx:name="ui.data.coregen.dd@64d2fb9c_ARCHIVE_LOCATION">d:/studia/Systemy_Dedykowane_w_Ukladach_Programowalnych/SDUP_Project_2022/FPGA_Code/Design_SRC/IP_Cores/sph_ip_1.0</xilinx:tag>
        <xilinx:tag xilinx:name="ui.data.coregen.dd@7ae1213e_ARCHIVE_LOCATION">d:/studia/Systemy_Dedykowane_w_Ukladach_Programowalnych/SDUP_Project_2022/FPGA_Code/Design_SRC/IP_Cores/sph_ip_1.0</xilinx:tag>
        <xilinx:tag xilinx:name="ui.data.coregen.dd@34f3de2c_ARCHIVE_LOCATION">d:/studia/Systemy_Dedykowane_w_Ukladach_Programowalnych/SDUP_Project_2022/FPGA_Code/Design_SRC/IP_Cores/sph_ip_1.0</xilinx:tag>
        <xilinx:tag xilinx:name="ui.data.coregen.dd@5bd531d8_ARCHIVE_LOCATION">d:/studia/Systemy_Dedykowane_w_Ukladach_Programowalnych/SDUP_Project_2022/FPGA_Code/Design_SRC/IP_Cores/sph_ip_1.0</xilinx:tag>
        <xilinx:tag xilinx:name="ui.data.coregen.dd@6984f817_ARCHIVE_LOCATION">d:/studia/Systemy_Dedykowane_w_Ukladach_Programowalnych/SDUP_Project_2022/FPGA_Code/Design_SRC/IP_Cores/sph_ip_1.0</xilinx:tag>
        <xilinx:tag xilinx:name="ui.data.coregen.dd@5a958ba3_ARCHIVE_LOCATION">d:/studia/Systemy_Dedykowane_w_Ukladach_Programowalnych/SDUP_Project_2022/FPGA_Code/Design_SRC/IP_Cores/sph_ip_1.0</xilinx:tag>
        <xilinx:tag xilinx:name="ui.data.coregen.dd@1a1df4cf_ARCHIVE_LOCATION">d:/studia/Systemy_Dedykowane_w_Ukladach_Programowalnych/SDUP_Project_2022/FPGA_Code/Design_SRC/IP_Cores/sph_ip_1.0</xilinx:tag>
        <xilinx:tag xilinx:name="ui.data.coregen.dd@56553451_ARCHIVE_LOCATION">d:/studia/Systemy_Dedykowane_w_Ukladach_Programowalnych/SDUP_Project_2022/FPGA_Code/Design_SRC/IP_Cores/sph_ip_1.0</xilinx:tag>
        <xilinx:tag xilinx:name="ui.data.coregen.dd@352865c8_ARCHIVE_LOCATION">d:/studia/Systemy_Dedykowane_w_Ukladach_Programowalnych/SDUP_Project_2022/FPGA_Code/Design_SRC/IP_Cores/sph_ip_1.0</xilinx:tag>
        <xilinx:tag xilinx:name="ui.data.coregen.dd@24d244aa_ARCHIVE_LOCATION">d:/studia/Systemy_Dedykowane_w_Ukladach_Programowalnych/SDUP_Project_2022/FPGA_Code/Design_SRC/IP_Cores/sph_ip_1.0</xilinx:tag>
        <xilinx:tag xilinx:name="ui.data.coregen.dd@7eee0f77_ARCHIVE_LOCATION">d:/studia/Systemy_Dedykowane_w_Ukladach_Programowalnych/SDUP_Project_2022/FPGA_Code/Design_SRC/IP_Cores/sph_ip_1.0</xilinx:tag>
        <xilinx:tag xilinx:name="ui.data.coregen.dd@7ed402b3_ARCHIVE_LOCATION">d:/studia/Systemy_Dedykowane_w_Ukladach_Programowalnych/SDUP_Project_2022/FPGA_Code/Design_SRC/IP_Cores/sph_ip_1.0</xilinx:tag>
        <xilinx:tag xilinx:name="ui.data.coregen.dd@1cdd80dd_ARCHIVE_LOCATION">d:/studia/Systemy_Dedykowane_w_Ukladach_Programowalnych/SDUP_Project_2022/FPGA_Code/Design_SRC/IP_Cores/sph_ip_1.0</xilinx:tag>
        <xilinx:tag xilinx:name="ui.data.coregen.dd@506f0037_ARCHIVE_LOCATION">d:/studia/Systemy_Dedykowane_w_Ukladach_Programowalnych/SDUP_Project_2022/FPGA_Code/Design_SRC/IP_Cores/sph_ip_1.0</xilinx:tag>
        <xilinx:tag xilinx:name="ui.data.coregen.dd@1f92ba69_ARCHIVE_LOCATION">d:/studia/Systemy_Dedykowane_w_Ukladach_Programowalnych/SDUP_Project_2022/FPGA_Code/Design_SRC/IP_Cores/sph_ip_1.0</xilinx:tag>
        <xilinx:tag xilinx:name="ui.data.coregen.dd@50a89575_ARCHIVE_LOCATION">d:/studia/Systemy_Dedykowane_w_Ukladach_Programowalnych/SDUP_Project_2022/FPGA_Code/Design_SRC/IP_Cores/sph_ip_1.0</xilinx:tag>
        <xilinx:tag xilinx:name="ui.data.coregen.dd@5bd12cab_ARCHIVE_LOCATION">d:/studia/Systemy_Dedykowane_w_Ukladach_Programowalnych/SDUP_Project_2022/FPGA_Code/Design_SRC/IP_Cores/sph_ip_1.0</xilinx:tag>
        <xilinx:tag xilinx:name="ui.data.coregen.dd@69df8e5a_ARCHIVE_LOCATION">d:/studia/Systemy_Dedykowane_w_Ukladach_Programowalnych/SDUP_Project_2022/FPGA_Code/Design_SRC/IP_Cores/sph_ip_1.0</xilinx:tag>
        <xilinx:tag xilinx:name="ui.data.coregen.dd@3fb35a6d_ARCHIVE_LOCATION">d:/studia/Systemy_Dedykowane_w_Ukladach_Programowalnych/SDUP_Project_2022/FPGA_Code/Design_SRC/IP_Cores/sph_ip_1.0</xilinx:tag>
        <xilinx:tag xilinx:name="ui.data.coregen.dd@16058c8c_ARCHIVE_LOCATION">d:/studia/Systemy_Dedykowane_w_Ukladach_Programowalnych/SDUP_Project_2022/FPGA_Code/Design_SRC/IP_Cores/sph_ip_1.0</xilinx:tag>
        <xilinx:tag xilinx:name="ui.data.coregen.dd@4edff90b_ARCHIVE_LOCATION">d:/studia/Systemy_Dedykowane_w_Ukladach_Programowalnych/SDUP_Project_2022/FPGA_Code/Design_SRC/IP_Cores/sph_ip_1.0</xilinx:tag>
        <xilinx:tag xilinx:name="ui.data.coregen.dd@5b01393a_ARCHIVE_LOCATION">d:/studia/Systemy_Dedykowane_w_Ukladach_Programowalnych/SDUP_Project_2022/FPGA_Code/Design_SRC/IP_Cores/sph_ip_1.0</xilinx:tag>
        <xilinx:tag xilinx:name="ui.data.coregen.dd@4e3388eb_ARCHIVE_LOCATION">d:/studia/Systemy_Dedykowane_w_Ukladach_Programowalnych/SDUP_Project_2022/FPGA_Code/Design_SRC/IP_Cores/sph_ip_1.0</xilinx:tag>
        <xilinx:tag xilinx:name="ui.data.coregen.dd@6ddc7871_ARCHIVE_LOCATION">d:/studia/Systemy_Dedykowane_w_Ukladach_Programowalnych/SDUP_Project_2022/FPGA_Code/Design_SRC/IP_Cores/sph_ip_1.0</xilinx:tag>
        <xilinx:tag xilinx:name="ui.data.coregen.dd@54be1e0_ARCHIVE_LOCATION">d:/studia/Systemy_Dedykowane_w_Ukladach_Programowalnych/SDUP_Project_2022/FPGA_Code/Design_SRC/IP_Cores/sph_ip_1.0</xilinx:tag>
        <xilinx:tag xilinx:name="ui.data.coregen.dd@12f99755_ARCHIVE_LOCATION">d:/studia/Systemy_Dedykowane_w_Ukladach_Programowalnych/SDUP_Project_2022/FPGA_Code/Design_SRC/IP_Cores/sph_ip_1.0</xilinx:tag>
        <xilinx:tag xilinx:name="ui.data.coregen.dd@6dd14180_ARCHIVE_LOCATION">d:/studia/Systemy_Dedykowane_w_Ukladach_Programowalnych/SDUP_Project_2022/FPGA_Code/Design_SRC/IP_Cores/sph_ip_1.0</xilinx:tag>
        <xilinx:tag xilinx:name="ui.data.coregen.dd@3ffdb543_ARCHIVE_LOCATION">d:/studia/Systemy_Dedykowane_w_Ukladach_Programowalnych/SDUP_Project_2022/FPGA_Code/Design_SRC/IP_Cores/sph_ip_1.0</xilinx:tag>
        <xilinx:tag xilinx:name="ui.data.coregen.dd@3071a106_ARCHIVE_LOCATION">d:/studia/Systemy_Dedykowane_w_Ukladach_Programowalnych/SDUP_Project_2022/FPGA_Code/Design_SRC/IP_Cores/sph_ip_1.0</xilinx:tag>
        <xilinx:tag xilinx:name="ui.data.coregen.dd@adafe81_ARCHIVE_LOCATION">d:/studia/Systemy_Dedykowane_w_Ukladach_Programowalnych/SDUP_Project_2022/FPGA_Code/Design_SRC/IP_Cores/sph_ip_1.0</xilinx:tag>
        <xilinx:tag xilinx:name="ui.data.coregen.dd@5bce35f7_ARCHIVE_LOCATION">d:/studia/Systemy_Dedykowane_w_Ukladach_Programowalnych/SDUP_Project_2022/FPGA_Code/Design_SRC/IP_Cores/sph_ip_1.0</xilinx:tag>
        <xilinx:tag xilinx:name="ui.data.coregen.dd@3910e4fa_ARCHIVE_LOCATION">d:/studia/Systemy_Dedykowane_w_Ukladach_Programowalnych/SDUP_Project_2022/FPGA_Code/Design_SRC/IP_Cores/sph_ip_1.0</xilinx:tag>
        <xilinx:tag xilinx:name="ui.data.coregen.dd@46561eae_ARCHIVE_LOCATION">d:/studia/Systemy_Dedykowane_w_Ukladach_Programowalnych/SDUP_Project_2022/FPGA_Code/Design_SRC/IP_Cores/sph_ip_1.0</xilinx:tag>
        <xilinx:tag xilinx:name="ui.data.coregen.dd@4d4b8df8_ARCHIVE_LOCATION">d:/studia/Systemy_Dedykowane_w_Ukladach_Programowalnych/SDUP_Project_2022/FPGA_Code/Design_SRC/IP_Cores/sph_ip_1.0</xilinx:tag>
        <xilinx:tag xilinx:name="ui.data.coregen.dd@2d77f3e8_ARCHIVE_LOCATION">d:/studia/Systemy_Dedykowane_w_Ukladach_Programowalnych/SDUP_Project_2022/FPGA_Code/Design_SRC/IP_Cores/sph_ip_1.0</xilinx:tag>
        <xilinx:tag xilinx:name="ui.data.coregen.dd@4f24d215_ARCHIVE_LOCATION">d:/studia/Systemy_Dedykowane_w_Ukladach_Programowalnych/SDUP_Project_2022/FPGA_Code/Design_SRC/IP_Cores/sph_ip_1.0</xilinx:tag>
        <xilinx:tag xilinx:name="ui.data.coregen.dd@5d9485e4_ARCHIVE_LOCATION">d:/studia/Systemy_Dedykowane_w_Ukladach_Programowalnych/SDUP_Project_2022/FPGA_Code/Design_SRC/IP_Cores/sph_ip_1.0</xilinx:tag>
        <xilinx:tag xilinx:name="ui.data.coregen.dd@214d0ee7_ARCHIVE_LOCATION">d:/studia/Systemy_Dedykowane_w_Ukladach_Programowalnych/SDUP_Project_2022/FPGA_Code/Design_SRC/IP_Cores/sph_ip_1.0</xilinx:tag>
        <xilinx:tag xilinx:name="ui.data.coregen.dd@2e1f5353_ARCHIVE_LOCATION">d:/studia/Systemy_Dedykowane_w_Ukladach_Programowalnych/SDUP_Project_2022/FPGA_Code/Design_SRC/IP_Cores/sph_ip_1.0</xilinx:tag>
        <xilinx:tag xilinx:name="ui.data.coregen.dd@7ec7074d_ARCHIVE_LOCATION">d:/studia/Systemy_Dedykowane_w_Ukladach_Programowalnych/SDUP_Project_2022/FPGA_Code/Design_SRC/IP_Cores/sph_ip_1.0</xilinx:tag>
        <xilinx:tag xilinx:name="ui.data.coregen.dd@685dfe52_ARCHIVE_LOCATION">d:/studia/Systemy_Dedykowane_w_Ukladach_Programowalnych/SDUP_Project_2022/FPGA_Code/Design_SRC/IP_Cores/sph_ip_1.0</xilinx:tag>
        <xilinx:tag xilinx:name="ui.data.coregen.dd@61dbd2a4_ARCHIVE_LOCATION">d:/studia/Systemy_Dedykowane_w_Ukladach_Programowalnych/SDUP_Project_2022/FPGA_Code/Design_SRC/IP_Cores/sph_ip_1.0</xilinx:tag>
        <xilinx:tag xilinx:name="ui.data.coregen.dd@63ca294f_ARCHIVE_LOCATION">d:/studia/Systemy_Dedykowane_w_Ukladach_Programowalnych/SDUP_Project_2022/FPGA_Code/Design_SRC/IP_Cores/sph_ip_1.0</xilinx:tag>
        <xilinx:tag xilinx:name="ui.data.coregen.dd@28949800_ARCHIVE_LOCATION">d:/studia/Systemy_Dedykowane_w_Ukladach_Programowalnych/SDUP_Project_2022/FPGA_Code/Design_SRC/IP_Cores/sph_ip_1.0</xilinx:tag>
        <xilinx:tag xilinx:name="ui.data.coregen.dd@38846838_ARCHIVE_LOCATION">d:/studia/Systemy_Dedykowane_w_Ukladach_Programowalnych/SDUP_Project_2022/FPGA_Code/Design_SRC/IP_Cores/sph_ip_1.0</xilinx:tag>
        <xilinx:tag xilinx:name="ui.data.coregen.dd@73bc9074_ARCHIVE_LOCATION">d:/studia/Systemy_Dedykowane_w_Ukladach_Programowalnych/SDUP_Project_2022/FPGA_Code/Design_SRC/IP_Cores/sph_ip_1.0</xilinx:tag>
        <xilinx:tag xilinx:name="ui.data.coregen.dd@159dfe81_ARCHIVE_LOCATION">d:/studia/Systemy_Dedykowane_w_Ukladach_Programowalnych/SDUP_Project_2022/FPGA_Code/Design_SRC/IP_Cores/sph_ip_1.0</xilinx:tag>
        <xilinx:tag xilinx:name="ui.data.coregen.dd@1131b585_ARCHIVE_LOCATION">d:/studia/Systemy_Dedykowane_w_Ukladach_Programowalnych/SDUP_Project_2022/FPGA_Code/Design_SRC/IP_Cores/sph_ip_1.0</xilinx:tag>
        <xilinx:tag xilinx:name="ui.data.coregen.dd@431210ca_ARCHIVE_LOCATION">d:/studia/Systemy_Dedykowane_w_Ukladach_Programowalnych/SDUP_Project_2022/FPGA_Code/Design_SRC/IP_Cores/sph_ip_1.0</xilinx:tag>
        <xilinx:tag xilinx:name="ui.data.coregen.dd@77309abf_ARCHIVE_LOCATION">d:/studia/Systemy_Dedykowane_w_Ukladach_Programowalnych/SDUP_Project_2022/FPGA_Code/Design_SRC/IP_Cores/sph_ip_1.0</xilinx:tag>
        <xilinx:tag xilinx:name="ui.data.coregen.dd@6dcea410_ARCHIVE_LOCATION">d:/studia/Systemy_Dedykowane_w_Ukladach_Programowalnych/SDUP_Project_2022/FPGA_Code/Design_SRC/IP_Cores/sph_ip_1.0</xilinx:tag>
        <xilinx:tag xilinx:name="ui.data.coregen.dd@622a636_ARCHIVE_LOCATION">d:/studia/Systemy_Dedykowane_w_Ukladach_Programowalnych/SDUP_Project_2022/FPGA_Code/Design_SRC/IP_Cores/sph_ip_1.0</xilinx:tag>
        <xilinx:tag xilinx:name="ui.data.coregen.dd@3f7097ee_ARCHIVE_LOCATION">d:/studia/Systemy_Dedykowane_w_Ukladach_Programowalnych/SDUP_Project_2022/FPGA_Code/Design_SRC/IP_Cores/sph_ip_1.0</xilinx:tag>
        <xilinx:tag xilinx:name="ui.data.coregen.dd@27b3efca_ARCHIVE_LOCATION">d:/studia/Systemy_Dedykowane_w_Ukladach_Programowalnych/SDUP_Project_2022/FPGA_Code/Design_SRC/IP_Cores/sph_ip_1.0</xilinx:tag>
        <xilinx:tag xilinx:name="ui.data.coregen.dd@3dbd6e39_ARCHIVE_LOCATION">d:/studia/Systemy_Dedykowane_w_Ukladach_Programowalnych/SDUP_Project_2022/FPGA_Code/Design_SRC/IP_Cores/sph_ip_1.0</xilinx:tag>
        <xilinx:tag xilinx:name="ui.data.coregen.dd@3295622_ARCHIVE_LOCATION">d:/studia/Systemy_Dedykowane_w_Ukladach_Programowalnych/SDUP_Project_2022/FPGA_Code/Design_SRC/IP_Cores/sph_ip_1.0</xilinx:tag>
        <xilinx:tag xilinx:name="ui.data.coregen.dd@42dff4c6_ARCHIVE_LOCATION">d:/studia/Systemy_Dedykowane_w_Ukladach_Programowalnych/SDUP_Project_2022/FPGA_Code/Design_SRC/IP_Cores/sph_ip_1.0</xilinx:tag>
        <xilinx:tag xilinx:name="ui.data.coregen.dd@10a41104_ARCHIVE_LOCATION">d:/studia/Systemy_Dedykowane_w_Ukladach_Programowalnych/SDUP_Project_2022/FPGA_Code/Design_SRC/IP_Cores/sph_ip_1.0</xilinx:tag>
        <xilinx:tag xilinx:name="ui.data.coregen.dd@5a93cddb_ARCHIVE_LOCATION">d:/studia/Systemy_Dedykowane_w_Ukladach_Programowalnych/SDUP_Project_2022/FPGA_Code/Design_SRC/IP_Cores/sph_ip_1.0</xilinx:tag>
        <xilinx:tag xilinx:name="ui.data.coregen.dd@20f6dd75_ARCHIVE_LOCATION">d:/studia/Systemy_Dedykowane_w_Ukladach_Programowalnych/SDUP_Project_2022/FPGA_Code/Design_SRC/IP_Cores/sph_ip_1.0</xilinx:tag>
        <xilinx:tag xilinx:name="ui.data.coregen.dd@4e052c42_ARCHIVE_LOCATION">d:/studia/Systemy_Dedykowane_w_Ukladach_Programowalnych/SDUP_Project_2022/FPGA_Code/Design_SRC/IP_Cores/sph_ip_1.0</xilinx:tag>
        <xilinx:tag xilinx:name="ui.data.coregen.dd@a62fc6e_ARCHIVE_LOCATION">d:/studia/Systemy_Dedykowane_w_Ukladach_Programowalnych/SDUP_Project_2022/FPGA_Code/Design_SRC/IP_Cores/sph_ip_1.0</xilinx:tag>
        <xilinx:tag xilinx:name="ui.data.coregen.dd@2beb12a9_ARCHIVE_LOCATION">d:/studia/Systemy_Dedykowane_w_Ukladach_Programowalnych/SDUP_Project_2022/FPGA_Code/Design_SRC/IP_Cores/sph_ip_1.0</xilinx:tag>
        <xilinx:tag xilinx:name="ui.data.coregen.dd@64c23005_ARCHIVE_LOCATION">d:/studia/Systemy_Dedykowane_w_Ukladach_Programowalnych/SDUP_Project_2022/FPGA_Code/Design_SRC/IP_Cores/sph_ip_1.0</xilinx:tag>
        <xilinx:tag xilinx:name="ui.data.coregen.dd@6a4cdb7d_ARCHIVE_LOCATION">d:/studia/Systemy_Dedykowane_w_Ukladach_Programowalnych/SDUP_Project_2022/FPGA_Code/Design_SRC/IP_Cores/sph_ip_1.0</xilinx:tag>
        <xilinx:tag xilinx:name="ui.data.coregen.dd@3f3c310a_ARCHIVE_LOCATION">d:/studia/Systemy_Dedykowane_w_Ukladach_Programowalnych/SDUP_Project_2022/FPGA_Code/Design_SRC/IP_Cores/sph_ip_1.0</xilinx:tag>
        <xilinx:tag xilinx:name="ui.data.coregen.dd@137498f1_ARCHIVE_LOCATION">d:/studia/Systemy_Dedykowane_w_Ukladach_Programowalnych/SDUP_Project_2022/FPGA_Code/Design_SRC/IP_Cores/sph_ip_1.0</xilinx:tag>
        <xilinx:tag xilinx:name="ui.data.coregen.dd@bd41684_ARCHIVE_LOCATION">d:/studia/Systemy_Dedykowane_w_Ukladach_Programowalnych/SDUP_Project_2022/FPGA_Code/Design_SRC/IP_Cores/sph_ip_1.0</xilinx:tag>
        <xilinx:tag xilinx:name="ui.data.coregen.dd@2d7962af_ARCHIVE_LOCATION">d:/studia/Systemy_Dedykowane_w_Ukladach_Programowalnych/SDUP_Project_2022/FPGA_Code/Design_SRC/IP_Cores/sph_ip_1.0</xilinx:tag>
        <xilinx:tag xilinx:name="ui.data.coregen.dd@4912a138_ARCHIVE_LOCATION">d:/studia/Systemy_Dedykowane_w_Ukladach_Programowalnych/SDUP_Project_2022/FPGA_Code/Design_SRC/IP_Cores/sph_ip_1.0</xilinx:tag>
        <xilinx:tag xilinx:name="ui.data.coregen.dd@262b6e3f_ARCHIVE_LOCATION">d:/studia/Systemy_Dedykowane_w_Ukladach_Programowalnych/SDUP_Project_2022/FPGA_Code/Design_SRC/IP_Cores/sph_ip_1.0</xilinx:tag>
        <xilinx:tag xilinx:name="ui.data.coregen.dd@b42bc65_ARCHIVE_LOCATION">d:/studia/Systemy_Dedykowane_w_Ukladach_Programowalnych/SDUP_Project_2022/FPGA_Code/Design_SRC/IP_Cores/sph_ip_1.0</xilinx:tag>
        <xilinx:tag xilinx:name="ui.data.coregen.dd@159238d2_ARCHIVE_LOCATION">d:/studia/Systemy_Dedykowane_w_Ukladach_Programowalnych/SDUP_Project_2022/FPGA_Code/Design_SRC/IP_Cores/sph_ip_1.0</xilinx:tag>
        <xilinx:tag xilinx:name="ui.data.coregen.dd@1c3e8665_ARCHIVE_LOCATION">d:/studia/Systemy_Dedykowane_w_Ukladach_Programowalnych/SDUP_Project_2022/FPGA_Code/Design_SRC/IP_Cores/sph_ip_1.0</xilinx:tag>
        <xilinx:tag xilinx:name="ui.data.coregen.dd@52f674c3_ARCHIVE_LOCATION">d:/studia/Systemy_Dedykowane_w_Ukladach_Programowalnych/SDUP_Project_2022/FPGA_Code/Design_SRC/IP_Cores/sph_ip_1.0</xilinx:tag>
        <xilinx:tag xilinx:name="ui.data.coregen.dd@aa9c8cc_ARCHIVE_LOCATION">d:/studia/Systemy_Dedykowane_w_Ukladach_Programowalnych/SDUP_Project_2022/FPGA_Code/Design_SRC/IP_Cores/sph_ip_1.0</xilinx:tag>
        <xilinx:tag xilinx:name="ui.data.coregen.dd@3f776e63_ARCHIVE_LOCATION">d:/studia/Systemy_Dedykowane_w_Ukladach_Programowalnych/SDUP_Project_2022/FPGA_Code/Design_SRC/IP_Cores/sph_ip_1.0</xilinx:tag>
        <xilinx:tag xilinx:name="ui.data.coregen.dd@33f4ac2_ARCHIVE_LOCATION">d:/studia/Systemy_Dedykowane_w_Ukladach_Programowalnych/SDUP_Project_2022/FPGA_Code/Design_SRC/IP_Cores/sph_ip_1.0</xilinx:tag>
        <xilinx:tag xilinx:name="ui.data.coregen.dd@6589bf87_ARCHIVE_LOCATION">d:/studia/Systemy_Dedykowane_w_Ukladach_Programowalnych/SDUP_Project_2022/FPGA_Code/Design_SRC/IP_Cores/sph_ip_1.0</xilinx:tag>
        <xilinx:tag xilinx:name="ui.data.coregen.dd@20331c4e_ARCHIVE_LOCATION">d:/studia/Systemy_Dedykowane_w_Ukladach_Programowalnych/SDUP_Project_2022/FPGA_Code/Design_SRC/IP_Cores/sph_ip_1.0</xilinx:tag>
        <xilinx:tag xilinx:name="ui.data.coregen.dd@55dc819a_ARCHIVE_LOCATION">d:/studia/Systemy_Dedykowane_w_Ukladach_Programowalnych/SDUP_Project_2022/FPGA_Code/Design_SRC/IP_Cores/sph_ip_1.0</xilinx:tag>
        <xilinx:tag xilinx:name="ui.data.coregen.dd@527b51bb_ARCHIVE_LOCATION">d:/studia/Systemy_Dedykowane_w_Ukladach_Programowalnych/SDUP_Project_2022/FPGA_Code/Design_SRC/IP_Cores/sph_ip_1.0</xilinx:tag>
        <xilinx:tag xilinx:name="ui.data.coregen.dd@3ecafce0_ARCHIVE_LOCATION">d:/studia/Systemy_Dedykowane_w_Ukladach_Programowalnych/SDUP_Project_2022/FPGA_Code/Design_SRC/IP_Cores/sph_ip_1.0</xilinx:tag>
        <xilinx:tag xilinx:name="ui.data.coregen.dd@45bea05a_ARCHIVE_LOCATION">d:/studia/Systemy_Dedykowane_w_Ukladach_Programowalnych/SDUP_Project_2022/FPGA_Code/Design_SRC/IP_Cores/sph_ip_1.0</xilinx:tag>
        <xilinx:tag xilinx:name="ui.data.coregen.dd@67a68391_ARCHIVE_LOCATION">d:/studia/Systemy_Dedykowane_w_Ukladach_Programowalnych/SDUP_Project_2022/FPGA_Code/Design_SRC/IP_Cores/sph_ip_1.0</xilinx:tag>
        <xilinx:tag xilinx:name="ui.data.coregen.dd@139994ea_ARCHIVE_LOCATION">d:/studia/Systemy_Dedykowane_w_Ukladach_Programowalnych/SDUP_Project_2022/FPGA_Code/Design_SRC/IP_Cores/sph_ip_1.0</xilinx:tag>
        <xilinx:tag xilinx:name="ui.data.coregen.dd@dd31cbd_ARCHIVE_LOCATION">d:/studia/Systemy_Dedykowane_w_Ukladach_Programowalnych/SDUP_Project_2022/FPGA_Code/Design_SRC/IP_Cores/sph_ip_1.0</xilinx:tag>
        <xilinx:tag xilinx:name="ui.data.coregen.dd@658f89ab_ARCHIVE_LOCATION">d:/studia/Systemy_Dedykowane_w_Ukladach_Programowalnych/SDUP_Project_2022/FPGA_Code/Design_SRC/IP_Cores/sph_ip_1.0</xilinx:tag>
        <xilinx:tag xilinx:name="ui.data.coregen.dd@68689a19_ARCHIVE_LOCATION">d:/studia/Systemy_Dedykowane_w_Ukladach_Programowalnych/SDUP_Project_2022/FPGA_Code/Design_SRC/IP_Cores/sph_ip_1.0</xilinx:tag>
        <xilinx:tag xilinx:name="ui.data.coregen.dd@18913234_ARCHIVE_LOCATION">d:/studia/Systemy_Dedykowane_w_Ukladach_Programowalnych/SDUP_Project_2022/FPGA_Code/Design_SRC/IP_Cores/sph_ip_1.0</xilinx:tag>
        <xilinx:tag xilinx:name="ui.data.coregen.dd@7424886b_ARCHIVE_LOCATION">d:/studia/Systemy_Dedykowane_w_Ukladach_Programowalnych/SDUP_Project_2022/FPGA_Code/Design_SRC/IP_Cores/sph_ip_1.0</xilinx:tag>
        <xilinx:tag xilinx:name="ui.data.coregen.dd@66ef57b3_ARCHIVE_LOCATION">d:/studia/Systemy_Dedykowane_w_Ukladach_Programowalnych/SDUP_Project_2022/FPGA_Code/Design_SRC/IP_Cores/sph_ip_1.0</xilinx:tag>
        <xilinx:tag xilinx:name="ui.data.coregen.dd@546e03ff_ARCHIVE_LOCATION">d:/studia/Systemy_Dedykowane_w_Ukladach_Programowalnych/SDUP_Project_2022/FPGA_Code/Design_SRC/IP_Cores/sph_ip_1.0</xilinx:tag>
        <xilinx:tag xilinx:name="ui.data.coregen.dd@18dadc93_ARCHIVE_LOCATION">d:/studia/Systemy_Dedykowane_w_Ukladach_Programowalnych/SDUP_Project_2022/FPGA_Code/Design_SRC/IP_Cores/sph_ip_1.0</xilinx:tag>
        <xilinx:tag xilinx:name="ui.data.coregen.dd@780438e0_ARCHIVE_LOCATION">d:/studia/Systemy_Dedykowane_w_Ukladach_Programowalnych/SDUP_Project_2022/FPGA_Code/Design_SRC/IP_Cores/sph_ip_1.0</xilinx:tag>
        <xilinx:tag xilinx:name="ui.data.coregen.dd@2a27ef59_ARCHIVE_LOCATION">d:/studia/Systemy_Dedykowane_w_Ukladach_Programowalnych/SDUP_Project_2022/FPGA_Code/Design_SRC/IP_Cores/sph_ip_1.0</xilinx:tag>
        <xilinx:tag xilinx:name="ui.data.coregen.dd@606da8f1_ARCHIVE_LOCATION">d:/studia/Systemy_Dedykowane_w_Ukladach_Programowalnych/SDUP_Project_2022/FPGA_Code/Design_SRC/IP_Cores/sph_ip_1.0</xilinx:tag>
        <xilinx:tag xilinx:name="ui.data.coregen.dd@4185dcbe_ARCHIVE_LOCATION">d:/studia/Systemy_Dedykowane_w_Ukladach_Programowalnych/SDUP_Project_2022/FPGA_Code/Design_SRC/IP_Cores/sph_ip_1.0</xilinx:tag>
        <xilinx:tag xilinx:name="ui.data.coregen.dd@53bfa89d_ARCHIVE_LOCATION">d:/studia/Systemy_Dedykowane_w_Ukladach_Programowalnych/SDUP_Project_2022/FPGA_Code/Design_SRC/IP_Cores/sph_ip_1.0</xilinx:tag>
        <xilinx:tag xilinx:name="ui.data.coregen.dd@69324e7d_ARCHIVE_LOCATION">d:/studia/Systemy_Dedykowane_w_Ukladach_Programowalnych/SDUP_Project_2022/FPGA_Code/Design_SRC/IP_Cores/sph_ip_1.0</xilinx:tag>
        <xilinx:tag xilinx:name="ui.data.coregen.dd@53d6997e_ARCHIVE_LOCATION">d:/studia/Systemy_Dedykowane_w_Ukladach_Programowalnych/SDUP_Project_2022/FPGA_Code/Design_SRC/IP_Cores/sph_ip_1.0</xilinx:tag>
        <xilinx:tag xilinx:name="ui.data.coregen.dd@67edde3b_ARCHIVE_LOCATION">d:/studia/Systemy_Dedykowane_w_Ukladach_Programowalnych/SDUP_Project_2022/FPGA_Code/Design_SRC/IP_Cores/sph_ip_1.0</xilinx:tag>
        <xilinx:tag xilinx:name="ui.data.coregen.dd@2acda22a_ARCHIVE_LOCATION">d:/studia/Systemy_Dedykowane_w_Ukladach_Programowalnych/SDUP_Project_2022/FPGA_Code/Design_SRC/IP_Cores/sph_ip_1.0</xilinx:tag>
        <xilinx:tag xilinx:name="ui.data.coregen.dd@4e66596a_ARCHIVE_LOCATION">d:/studia/Systemy_Dedykowane_w_Ukladach_Programowalnych/SDUP_Project_2022/FPGA_Code/Design_SRC/IP_Cores/sph_ip_1.0</xilinx:tag>
        <xilinx:tag xilinx:name="ui.data.coregen.dd@710440a7_ARCHIVE_LOCATION">d:/studia/Systemy_Dedykowane_w_Ukladach_Programowalnych/SDUP_Project_2022/FPGA_Code/Design_SRC/IP_Cores/sph_ip_1.0</xilinx:tag>
        <xilinx:tag xilinx:name="ui.data.coregen.dd@7178ab61_ARCHIVE_LOCATION">d:/studia/Systemy_Dedykowane_w_Ukladach_Programowalnych/SDUP_Project_2022/FPGA_Code/Design_SRC/IP_Cores/sph_ip_1.0</xilinx:tag>
        <xilinx:tag xilinx:name="ui.data.coregen.dd@69256449_ARCHIVE_LOCATION">d:/studia/Systemy_Dedykowane_w_Ukladach_Programowalnych/SDUP_Project_2022/FPGA_Code/Design_SRC/IP_Cores/sph_ip_1.0</xilinx:tag>
        <xilinx:tag xilinx:name="ui.data.coregen.dd@7f4d19a7_ARCHIVE_LOCATION">d:/studia/Systemy_Dedykowane_w_Ukladach_Programowalnych/SDUP_Project_2022/FPGA_Code/Design_SRC/IP_Cores/sph_ip_1.0</xilinx:tag>
        <xilinx:tag xilinx:name="ui.data.coregen.dd@41b57954_ARCHIVE_LOCATION">d:/studia/Systemy_Dedykowane_w_Ukladach_Programowalnych/SDUP_Project_2022/FPGA_Code/Design_SRC/IP_Cores/sph_ip_1.0</xilinx:tag>
        <xilinx:tag xilinx:name="ui.data.coregen.dd@79d13112_ARCHIVE_LOCATION">d:/studia/Systemy_Dedykowane_w_Ukladach_Programowalnych/SDUP_Project_2022/FPGA_Code/Design_SRC/IP_Cores/sph_ip_1.0</xilinx:tag>
        <xilinx:tag xilinx:name="ui.data.coregen.dd@7aa0f516_ARCHIVE_LOCATION">d:/studia/Systemy_Dedykowane_w_Ukladach_Programowalnych/SDUP_Project_2022/FPGA_Code/Design_SRC/IP_Cores/sph_ip_1.0</xilinx:tag>
        <xilinx:tag xilinx:name="ui.data.coregen.dd@17c1fee5_ARCHIVE_LOCATION">d:/studia/Systemy_Dedykowane_w_Ukladach_Programowalnych/SDUP_Project_2022/FPGA_Code/Design_SRC/IP_Cores/sph_ip_1.0</xilinx:tag>
        <xilinx:tag xilinx:name="ui.data.coregen.dd@28496d78_ARCHIVE_LOCATION">d:/studia/Systemy_Dedykowane_w_Ukladach_Programowalnych/SDUP_Project_2022/FPGA_Code/Design_SRC/IP_Cores/sph_ip_1.0</xilinx:tag>
        <xilinx:tag xilinx:name="ui.data.coregen.dd@13f69df9_ARCHIVE_LOCATION">d:/studia/Systemy_Dedykowane_w_Ukladach_Programowalnych/SDUP_Project_2022/FPGA_Code/Design_SRC/IP_Cores/sph_ip_1.0</xilinx:tag>
        <xilinx:tag xilinx:name="ui.data.coregen.dd@57e6e31c_ARCHIVE_LOCATION">d:/studia/Systemy_Dedykowane_w_Ukladach_Programowalnych/SDUP_Project_2022/FPGA_Code/Design_SRC/IP_Cores/sph_ip_1.0</xilinx:tag>
        <xilinx:tag xilinx:name="ui.data.coregen.dd@2f983ea2_ARCHIVE_LOCATION">d:/studia/Systemy_Dedykowane_w_Ukladach_Programowalnych/SDUP_Project_2022/FPGA_Code/Design_SRC/IP_Cores/sph_ip_1.0</xilinx:tag>
        <xilinx:tag xilinx:name="ui.data.coregen.dd@4d4d38e7_ARCHIVE_LOCATION">d:/studia/Systemy_Dedykowane_w_Ukladach_Programowalnych/SDUP_Project_2022/FPGA_Code/Design_SRC/IP_Cores/sph_ip_1.0</xilinx:tag>
        <xilinx:tag xilinx:name="ui.data.coregen.dd@19232a52_ARCHIVE_LOCATION">d:/studia/Systemy_Dedykowane_w_Ukladach_Programowalnych/SDUP_Project_2022/FPGA_Code/Design_SRC/IP_Cores/sph_ip_1.0</xilinx:tag>
        <xilinx:tag xilinx:name="ui.data.coregen.dd@7358cd1e_ARCHIVE_LOCATION">d:/studia/Systemy_Dedykowane_w_Ukladach_Programowalnych/SDUP_Project_2022/FPGA_Code/Design_SRC/IP_Cores/sph_ip_1.0</xilinx:tag>
        <xilinx:tag xilinx:name="ui.data.coregen.dd@37742077_ARCHIVE_LOCATION">d:/studia/Systemy_Dedykowane_w_Ukladach_Programowalnych/SDUP_Project_2022/FPGA_Code/Design_SRC/IP_Cores/sph_ip_1.0</xilinx:tag>
        <xilinx:tag xilinx:name="ui.data.coregen.dd@693d5252_ARCHIVE_LOCATION">d:/studia/Systemy_Dedykowane_w_Ukladach_Programowalnych/SDUP_Project_2022/FPGA_Code/Design_SRC/IP_Cores/sph_ip_1.0</xilinx:tag>
        <xilinx:tag xilinx:name="ui.data.coregen.dd@5891a1eb_ARCHIVE_LOCATION">d:/studia/Systemy_Dedykowane_w_Ukladach_Programowalnych/SDUP_Project_2022/FPGA_Code/Design_SRC/IP_Cores/sph_ip_1.0</xilinx:tag>
        <xilinx:tag xilinx:name="ui.data.coregen.dd@30b8c0f3_ARCHIVE_LOCATION">d:/studia/Systemy_Dedykowane_w_Ukladach_Programowalnych/SDUP_Project_2022/FPGA_Code/Design_SRC/IP_Cores/sph_ip_1.0</xilinx:tag>
        <xilinx:tag xilinx:name="ui.data.coregen.dd@7711abfc_ARCHIVE_LOCATION">d:/studia/Systemy_Dedykowane_w_Ukladach_Programowalnych/SDUP_Project_2022/FPGA_Code/Design_SRC/IP_Cores/sph_ip_1.0</xilinx:tag>
        <xilinx:tag xilinx:name="ui.data.coregen.dd@44257342_ARCHIVE_LOCATION">d:/studia/Systemy_Dedykowane_w_Ukladach_Programowalnych/SDUP_Project_2022/FPGA_Code/Design_SRC/IP_Cores/sph_ip_1.0</xilinx:tag>
        <xilinx:tag xilinx:name="ui.data.coregen.dd@34780c8a_ARCHIVE_LOCATION">d:/studia/Systemy_Dedykowane_w_Ukladach_Programowalnych/SDUP_Project_2022/FPGA_Code/Design_SRC/IP_Cores/sph_ip_1.0</xilinx:tag>
        <xilinx:tag xilinx:name="ui.data.coregen.dd@61c0f063_ARCHIVE_LOCATION">d:/studia/Systemy_Dedykowane_w_Ukladach_Programowalnych/SDUP_Project_2022/FPGA_Code/Design_SRC/IP_Cores/sph_ip_1.0</xilinx:tag>
        <xilinx:tag xilinx:name="ui.data.coregen.dd@147b7b76_ARCHIVE_LOCATION">d:/studia/Systemy_Dedykowane_w_Ukladach_Programowalnych/SDUP_Project_2022/FPGA_Code/Design_SRC/IP_Cores/sph_ip_1.0</xilinx:tag>
        <xilinx:tag xilinx:name="ui.data.coregen.dd@1c0baa6_ARCHIVE_LOCATION">d:/studia/Systemy_Dedykowane_w_Ukladach_Programowalnych/SDUP_Project_2022/FPGA_Code/Design_SRC/IP_Cores/sph_ip_1.0</xilinx:tag>
        <xilinx:tag xilinx:name="ui.data.coregen.dd@27561ee1_ARCHIVE_LOCATION">d:/studia/Systemy_Dedykowane_w_Ukladach_Programowalnych/SDUP_Project_2022/FPGA_Code/Design_SRC/IP_Cores/sph_ip_1.0</xilinx:tag>
        <xilinx:tag xilinx:name="ui.data.coregen.dd@1f9168b_ARCHIVE_LOCATION">d:/studia/Systemy_Dedykowane_w_Ukladach_Programowalnych/SDUP_Project_2022/FPGA_Code/Design_SRC/IP_Cores/sph_ip_1.0</xilinx:tag>
        <xilinx:tag xilinx:name="ui.data.coregen.dd@4772306f_ARCHIVE_LOCATION">d:/studia/Systemy_Dedykowane_w_Ukladach_Programowalnych/SDUP_Project_2022/FPGA_Code/Design_SRC/IP_Cores/sph_ip_1.0</xilinx:tag>
        <xilinx:tag xilinx:name="ui.data.coregen.dd@2ba74972_ARCHIVE_LOCATION">d:/studia/Systemy_Dedykowane_w_Ukladach_Programowalnych/SDUP_Project_2022/FPGA_Code/Design_SRC/IP_Cores/sph_ip_1.0</xilinx:tag>
        <xilinx:tag xilinx:name="ui.data.coregen.dd@646366c8_ARCHIVE_LOCATION">d:/studia/Systemy_Dedykowane_w_Ukladach_Programowalnych/SDUP_Project_2022/FPGA_Code/Design_SRC/IP_Cores/sph_ip_1.0</xilinx:tag>
        <xilinx:tag xilinx:name="ui.data.coregen.dd@8064489_ARCHIVE_LOCATION">d:/studia/Systemy_Dedykowane_w_Ukladach_Programowalnych/SDUP_Project_2022/FPGA_Code/Design_SRC/IP_Cores/sph_ip_1.0</xilinx:tag>
        <xilinx:tag xilinx:name="ui.data.coregen.dd@d66e2b5_ARCHIVE_LOCATION">d:/studia/Systemy_Dedykowane_w_Ukladach_Programowalnych/SDUP_Project_2022/FPGA_Code/Design_SRC/IP_Cores/sph_ip_1.0</xilinx:tag>
        <xilinx:tag xilinx:name="ui.data.coregen.dd@754dafb8_ARCHIVE_LOCATION">d:/studia/Systemy_Dedykowane_w_Ukladach_Programowalnych/SDUP_Project_2022/FPGA_Code/Design_SRC/IP_Cores/sph_ip_1.0</xilinx:tag>
        <xilinx:tag xilinx:name="ui.data.coregen.dd@28a34824_ARCHIVE_LOCATION">d:/studia/Systemy_Dedykowane_w_Ukladach_Programowalnych/SDUP_Project_2022/FPGA_Code/Design_SRC/IP_Cores/sph_ip_1.0</xilinx:tag>
        <xilinx:tag xilinx:name="ui.data.coregen.dd@1b8d692a_ARCHIVE_LOCATION">d:/studia/Systemy_Dedykowane_w_Ukladach_Programowalnych/SDUP_Project_2022/FPGA_Code/Design_SRC/IP_Cores/sph_ip_1.0</xilinx:tag>
        <xilinx:tag xilinx:name="ui.data.coregen.dd@29382452_ARCHIVE_LOCATION">d:/studia/Systemy_Dedykowane_w_Ukladach_Programowalnych/SDUP_Project_2022/FPGA_Code/Design_SRC/IP_Cores/sph_ip_1.0</xilinx:tag>
        <xilinx:tag xilinx:name="ui.data.coregen.dd@a23738c_ARCHIVE_LOCATION">d:/studia/Systemy_Dedykowane_w_Ukladach_Programowalnych/SDUP_Project_2022/FPGA_Code/Design_SRC/IP_Cores/sph_ip_1.0</xilinx:tag>
        <xilinx:tag xilinx:name="ui.data.coregen.dd@4ca4e4e0_ARCHIVE_LOCATION">d:/studia/Systemy_Dedykowane_w_Ukladach_Programowalnych/SDUP_Project_2022/FPGA_Code/Design_SRC/IP_Cores/sph_ip_1.0</xilinx:tag>
        <xilinx:tag xilinx:name="ui.data.coregen.dd@36dbd094_ARCHIVE_LOCATION">d:/studia/Systemy_Dedykowane_w_Ukladach_Programowalnych/SDUP_Project_2022/FPGA_Code/Design_SRC/IP_Cores/sph_ip_1.0</xilinx:tag>
        <xilinx:tag xilinx:name="ui.data.coregen.dd@4f8b5b39_ARCHIVE_LOCATION">d:/studia/Systemy_Dedykowane_w_Ukladach_Programowalnych/SDUP_Project_2022/FPGA_Code/Design_SRC/IP_Cores/sph_ip_1.0</xilinx:tag>
        <xilinx:tag xilinx:name="ui.data.coregen.dd@2429aa05_ARCHIVE_LOCATION">d:/studia/Systemy_Dedykowane_w_Ukladach_Programowalnych/SDUP_Project_2022/FPGA_Code/Design_SRC/IP_Cores/sph_ip_1.0</xilinx:tag>
        <xilinx:tag xilinx:name="ui.data.coregen.dd@19130c07_ARCHIVE_LOCATION">d:/studia/Systemy_Dedykowane_w_Ukladach_Programowalnych/SDUP_Project_2022/FPGA_Code/Design_SRC/IP_Cores/sph_ip_1.0</xilinx:tag>
        <xilinx:tag xilinx:name="ui.data.coregen.dd@173c387_ARCHIVE_LOCATION">d:/studia/Systemy_Dedykowane_w_Ukladach_Programowalnych/SDUP_Project_2022/FPGA_Code/Design_SRC/IP_Cores/sph_ip_1.0</xilinx:tag>
        <xilinx:tag xilinx:name="ui.data.coregen.dd@5f58ccda_ARCHIVE_LOCATION">d:/studia/Systemy_Dedykowane_w_Ukladach_Programowalnych/SDUP_Project_2022/FPGA_Code/Design_SRC/IP_Cores/sph_ip_1.0</xilinx:tag>
        <xilinx:tag xilinx:name="ui.data.coregen.dd@5fee0db7_ARCHIVE_LOCATION">d:/studia/Systemy_Dedykowane_w_Ukladach_Programowalnych/SDUP_Project_2022/FPGA_Code/Design_SRC/IP_Cores/sph_ip_1.0</xilinx:tag>
        <xilinx:tag xilinx:name="ui.data.coregen.dd@4b511ddf_ARCHIVE_LOCATION">d:/studia/Systemy_Dedykowane_w_Ukladach_Programowalnych/SDUP_Project_2022/FPGA_Code/Design_SRC/IP_Cores/sph_ip_1.0</xilinx:tag>
        <xilinx:tag xilinx:name="ui.data.coregen.dd@3630b363_ARCHIVE_LOCATION">d:/studia/Systemy_Dedykowane_w_Ukladach_Programowalnych/SDUP_Project_2022/FPGA_Code/Design_SRC/IP_Cores/sph_ip_1.0</xilinx:tag>
        <xilinx:tag xilinx:name="ui.data.coregen.dd@68359dea_ARCHIVE_LOCATION">d:/studia/Systemy_Dedykowane_w_Ukladach_Programowalnych/SDUP_Project_2022/FPGA_Code/Design_SRC/IP_Cores/sph_ip_1.0</xilinx:tag>
        <xilinx:tag xilinx:name="ui.data.coregen.dd@1f284cc0_ARCHIVE_LOCATION">d:/studia/Systemy_Dedykowane_w_Ukladach_Programowalnych/SDUP_Project_2022/FPGA_Code/Design_SRC/IP_Cores/sph_ip_1.0</xilinx:tag>
        <xilinx:tag xilinx:name="ui.data.coregen.dd@36bb40d9_ARCHIVE_LOCATION">d:/studia/Systemy_Dedykowane_w_Ukladach_Programowalnych/SDUP_Project_2022/FPGA_Code/Design_SRC/IP_Cores/sph_ip_1.0</xilinx:tag>
        <xilinx:tag xilinx:name="ui.data.coregen.dd@dadd552_ARCHIVE_LOCATION">d:/studia/Systemy_Dedykowane_w_Ukladach_Programowalnych/SDUP_Project_2022/FPGA_Code/Design_SRC/IP_Cores/sph_ip_1.0</xilinx:tag>
        <xilinx:tag xilinx:name="ui.data.coregen.dd@729715c7_ARCHIVE_LOCATION">d:/studia/Systemy_Dedykowane_w_Ukladach_Programowalnych/SDUP_Project_2022/FPGA_Code/Design_SRC/IP_Cores/sph_ip_1.0</xilinx:tag>
        <xilinx:tag xilinx:name="ui.data.coregen.dd@5de873c9_ARCHIVE_LOCATION">d:/studia/Systemy_Dedykowane_w_Ukladach_Programowalnych/SDUP_Project_2022/FPGA_Code/Design_SRC/IP_Cores/sph_ip_1.0</xilinx:tag>
        <xilinx:tag xilinx:name="ui.data.coregen.dd@4bcc4b8d_ARCHIVE_LOCATION">d:/studia/Systemy_Dedykowane_w_Ukladach_Programowalnych/SDUP_Project_2022/FPGA_Code/Design_SRC/IP_Cores/sph_ip_1.0</xilinx:tag>
        <xilinx:tag xilinx:name="ui.data.coregen.dd@6110e9d0_ARCHIVE_LOCATION">d:/studia/Systemy_Dedykowane_w_Ukladach_Programowalnych/SDUP_Project_2022/FPGA_Code/Design_SRC/IP_Cores/sph_ip_1.0</xilinx:tag>
        <xilinx:tag xilinx:name="ui.data.coregen.dd@666c8730_ARCHIVE_LOCATION">d:/studia/Systemy_Dedykowane_w_Ukladach_Programowalnych/SDUP_Project_2022/FPGA_Code/Design_SRC/IP_Cores/sph_ip_1.0</xilinx:tag>
        <xilinx:tag xilinx:name="ui.data.coregen.dd@26f0aca7_ARCHIVE_LOCATION">d:/studia/Systemy_Dedykowane_w_Ukladach_Programowalnych/SDUP_Project_2022/FPGA_Code/Design_SRC/IP_Cores/sph_ip_1.0</xilinx:tag>
        <xilinx:tag xilinx:name="ui.data.coregen.dd@6e8ab436_ARCHIVE_LOCATION">d:/studia/Systemy_Dedykowane_w_Ukladach_Programowalnych/SDUP_Project_2022/FPGA_Code/Design_SRC/IP_Cores/sph_ip_1.0</xilinx:tag>
        <xilinx:tag xilinx:name="ui.data.coregen.dd@33e0c3bb_ARCHIVE_LOCATION">d:/studia/Systemy_Dedykowane_w_Ukladach_Programowalnych/SDUP_Project_2022/FPGA_Code/Design_SRC/IP_Cores/sph_ip_1.0</xilinx:tag>
        <xilinx:tag xilinx:name="ui.data.coregen.dd@4de5d0a5_ARCHIVE_LOCATION">d:/studia/Systemy_Dedykowane_w_Ukladach_Programowalnych/SDUP_Project_2022/FPGA_Code/Design_SRC/IP_Cores/sph_ip_1.0</xilinx:tag>
        <xilinx:tag xilinx:name="ui.data.coregen.dd@44a078d7_ARCHIVE_LOCATION">d:/studia/Systemy_Dedykowane_w_Ukladach_Programowalnych/SDUP_Project_2022/FPGA_Code/Design_SRC/IP_Cores/sph_ip_1.0</xilinx:tag>
        <xilinx:tag xilinx:name="ui.data.coregen.dd@259029e9_ARCHIVE_LOCATION">d:/studia/Systemy_Dedykowane_w_Ukladach_Programowalnych/SDUP_Project_2022/FPGA_Code/Design_SRC/IP_Cores/sph_ip_1.0</xilinx:tag>
        <xilinx:tag xilinx:name="ui.data.coregen.dd@3c5392e2_ARCHIVE_LOCATION">d:/studia/Systemy_Dedykowane_w_Ukladach_Programowalnych/SDUP_Project_2022/FPGA_Code/Design_SRC/IP_Cores/sph_ip_1.0</xilinx:tag>
        <xilinx:tag xilinx:name="ui.data.coregen.dd@11bd3131_ARCHIVE_LOCATION">d:/studia/Systemy_Dedykowane_w_Ukladach_Programowalnych/SDUP_Project_2022/FPGA_Code/Design_SRC/IP_Cores/sph_ip_1.0</xilinx:tag>
        <xilinx:tag xilinx:name="ui.data.coregen.dd@74877a8b_ARCHIVE_LOCATION">d:/studia/Systemy_Dedykowane_w_Ukladach_Programowalnych/SDUP_Project_2022/FPGA_Code/Design_SRC/IP_Cores/sph_ip_1.0</xilinx:tag>
        <xilinx:tag xilinx:name="ui.data.coregen.dd@32229485_ARCHIVE_LOCATION">d:/studia/Systemy_Dedykowane_w_Ukladach_Programowalnych/SDUP_Project_2022/FPGA_Code/Design_SRC/IP_Cores/sph_ip_1.0</xilinx:tag>
        <xilinx:tag xilinx:name="ui.data.coregen.dd@f0fe0e5_ARCHIVE_LOCATION">d:/studia/Systemy_Dedykowane_w_Ukladach_Programowalnych/SDUP_Project_2022/FPGA_Code/Design_SRC/IP_Cores/sph_ip_1.0</xilinx:tag>
        <xilinx:tag xilinx:name="ui.data.coregen.dd@545be018_ARCHIVE_LOCATION">d:/studia/Systemy_Dedykowane_w_Ukladach_Programowalnych/SDUP_Project_2022/FPGA_Code/Design_SRC/IP_Cores/sph_ip_1.0</xilinx:tag>
        <xilinx:tag xilinx:name="ui.data.coregen.dd@1a4a4d57_ARCHIVE_LOCATION">d:/studia/Systemy_Dedykowane_w_Ukladach_Programowalnych/SDUP_Project_2022/FPGA_Code/Design_SRC/IP_Cores/sph_ip_1.0</xilinx:tag>
        <xilinx:tag xilinx:name="ui.data.coregen.dd@272cb51c_ARCHIVE_LOCATION">d:/studia/Systemy_Dedykowane_w_Ukladach_Programowalnych/SDUP_Project_2022/FPGA_Code/Design_SRC/IP_Cores/sph_ip_1.0</xilinx:tag>
        <xilinx:tag xilinx:name="ui.data.coregen.dd@1c0214ef_ARCHIVE_LOCATION">d:/studia/Systemy_Dedykowane_w_Ukladach_Programowalnych/SDUP_Project_2022/FPGA_Code/Design_SRC/IP_Cores/sph_ip_1.0</xilinx:tag>
        <xilinx:tag xilinx:name="ui.data.coregen.dd@16711761_ARCHIVE_LOCATION">d:/studia/Systemy_Dedykowane_w_Ukladach_Programowalnych/SDUP_Project_2022/FPGA_Code/Design_SRC/IP_Cores/sph_ip_1.0</xilinx:tag>
        <xilinx:tag xilinx:name="ui.data.coregen.dd@45c3e68f_ARCHIVE_LOCATION">d:/studia/Systemy_Dedykowane_w_Ukladach_Programowalnych/SDUP_Project_2022/FPGA_Code/Design_SRC/IP_Cores/sph_ip_1.0</xilinx:tag>
        <xilinx:tag xilinx:name="ui.data.coregen.dd@3a01c8a4_ARCHIVE_LOCATION">d:/studia/Systemy_Dedykowane_w_Ukladach_Programowalnych/SDUP_Project_2022/FPGA_Code/Design_SRC/IP_Cores/sph_ip_1.0</xilinx:tag>
        <xilinx:tag xilinx:name="ui.data.coregen.dd@19c228de_ARCHIVE_LOCATION">d:/studia/Systemy_Dedykowane_w_Ukladach_Programowalnych/SDUP_Project_2022/FPGA_Code/Design_SRC/IP_Cores/sph_ip_1.0</xilinx:tag>
      </xilinx:tags>
    </xilinx:coreExtensions>
    <xilinx:packagingInfo>
      <xilinx:xilinxVersion>2019.1</xilinx:xilinxVersion>
      <xilinx:checksum xilinx:scope="busInterfaces" xilinx:value="699d492e"/>
      <xilinx:checksum xilinx:scope="memoryMaps" xilinx:value="ed1368d5"/>
      <xilinx:checksum xilinx:scope="fileGroups" xilinx:value="c8e7c912"/>
      <xilinx:checksum xilinx:scope="ports" xilinx:value="b3dd097d"/>
      <xilinx:checksum xilinx:scope="hdlParameters" xilinx:value="6992ea72"/>
      <xilinx:checksum xilinx:scope="parameters" xilinx:value="a1e540e7"/>
    </xilinx:packagingInfo>
  </spirit:vendorExtensions>
</spirit:component>
